date,discharge_m3_per_s
2006-01-28T00:00:00,192.0
2006-01-29T00:00:00,192.315
2006-01-30T00:00:00,187.25
2006-01-31T00:00:00,163.136
2006-02-01T00:00:00,164.874
2006-02-02T00:00:00,164.072
2006-02-03T00:00:00,167.084
2006-02-04T00:00:00,154.552
2006-02-05T00:00:00,154.925
2006-02-06T00:00:00,158.594
2006-02-07T00:00:00,157.054
2006-02-08T00:00:00,151.527
2006-02-09T00:00:00,154.148
2006-02-10T00:00:00,156.525
2006-02-11T00:00:00,152.918
2006-02-12T00:00:00,147.617
2006-02-13T00:00:00,157.975
2006-02-14T00:00:00,163.799
2006-02-15T00:00:00,180.849
2006-02-16T00:00:00,300.167
2006-02-17T00:00:00,493.038
2006-02-18T00:00:00,581.738
2006-02-19T00:00:00,650.773
2006-02-20T00:00:00,679.369
2006-02-21T00:00:00,687.515
2006-02-22T00:00:00,652.065
2006-02-23T00:00:00,624.665
2006-02-24T00:00:00,555.256
2006-02-25T00:00:00,493.269
2006-02-26T00:00:00,470.506
2006-02-27T00:00:00,431.369
2006-02-28T00:00:00,377.586
2006-03-01T00:00:00,356.152
2006-03-02T00:00:00,344.008
2006-03-03T00:00:00,353.828
2006-03-04T00:00:00,424.537
2006-03-05T00:00:00,658.205
2006-03-06T00:00:00,717.601
2006-03-07T00:00:00,791.964
2006-03-08T00:00:00,753.259
2006-03-09T00:00:00,807.547
2006-03-10T00:00:00,933.044
2006-03-11T00:00:00,1001.107
2006-03-12T00:00:00,1031.453
2006-03-13T00:00:00,1067.525
2006-03-14T00:00:00,1077.219
2006-03-15T00:00:00,990.531
2006-03-16T00:00:00,869.687
2006-03-17T00:00:00,816.809
2006-03-18T00:00:00,806.749
2006-03-19T00:00:00,775.898
2006-03-20T00:00:00,776.847
2006-03-21T00:00:00,732.433
2006-03-22T00:00:00,707.535
2006-03-23T00:00:00,699.627
2006-03-24T00:00:00,685.939
2006-03-25T00:00:00,705.815
2006-03-26T00:00:00,776.122
2006-03-27T00:00:00,844.462
2006-03-28T00:00:00,818.273
2006-03-29T00:00:00,742.667
2006-03-30T00:00:00,809.436
2006-03-31T00:00:00,824.701
2006-04-01T00:00:00,817.771
2006-04-02T00:00:00,797.918
2006-04-03T00:00:00,783.918
2006-04-04T00:00:00,788.091
2006-04-05T00:00:00,745.854
2006-04-06T00:00:00,725.381
2006-04-07T00:00:00,707.097
2006-04-08T00:00:00,676.339
2006-04-09T00:00:00,635.188
2006-04-10T00:00:00,595.95
2006-04-11T00:00:00,535.02
2006-04-12T00:00:00,525.815
2006-04-13T00:00:00,535.321
2006-04-14T00:00:00,505.546
2006-04-15T00:00:00,471.302
2006-04-16T00:00:00,453.503
2006-04-17T00:00:00,430.479
2006-04-18T00:00:00,412.384
2006-04-19T00:00:00,357.244
2006-04-20T00:00:00,357.886
2006-04-21T00:00:00,337.266
2006-04-22T00:00:00,328.733
2006-04-23T00:00:00,323.465
2006-04-24T00:00:00,313.66
2006-04-25T00:00:00,302.854
2006-04-26T00:00:00,295.019
2006-04-27T00:00:00,300.263
2006-04-28T00:00:00,282.003
2006-04-29T00:00:00,260.424
2006-04-30T00:00:00,260.435
2006-05-01T00:00:00,254.215
2006-05-02T00:00:00,250.13
2006-05-03T00:00:00,217.218
2006-05-04T00:00:00,216.97
2006-05-05T00:00:00,216.608
2006-05-06T00:00:00,222.446
2006-05-07T00:00:00,237.033
2006-05-08T00:00:00,259.82
2006-05-09T00:00:00,292.127
2006-05-10T00:00:00,297.169
2006-05-11T00:00:00,389.596
2006-05-12T00:00:00,433.24
2006-05-13T00:00:00,476.469
2006-05-14T00:00:00,449.842
2006-05-15T00:00:00,424.829
2006-05-16T00:00:00,410.291
2006-05-17T00:00:00,379.563
2006-05-18T00:00:00,364.792
2006-05-19T00:00:00,300.425
2006-05-20T00:00:00,330.397
2006-05-21T00:00:00,358.541
2006-05-22T00:00:00,328.165
2006-05-23T00:00:00,300.119
2006-05-24T00:00:00,285.546
2006-05-25T00:00:00,261.623
2006-05-26T00:00:00,266.919
2006-05-27T00:00:00,234.636
2006-05-28T00:00:00,234.044
2006-05-29T00:00:00,236.578
2006-05-30T00:00:00,218.57
2006-05-31T00:00:00,220.181
2006-06-01T00:00:00,220.696
2006-06-02T00:00:00,224.192
2006-06-03T00:00:00,216.551
2006-06-04T00:00:00,211.484
2006-06-05T00:00:00,194.333
2006-06-06T00:00:00,193.562
2006-06-07T00:00:00,187.622
2006-06-08T00:00:00,177.317
2006-06-09T00:00:00,166.648
2006-06-10T00:00:00,162.19
2006-06-11T00:00:00,145.205
2006-06-12T00:00:00,150.818
2006-06-13T00:00:00,120.943
2006-06-14T00:00:00,112.634
2006-06-15T00:00:00,132.113
2006-06-16T00:00:00,130.016
2006-06-17T00:00:00,126.136
2006-06-18T00:00:00,117.009
2006-06-19T00:00:00,116.24
2006-06-20T00:00:00,117.501
2006-06-21T00:00:00,110.682
2006-06-22T00:00:00,111.14
2006-06-23T00:00:00,113.917
2006-06-24T00:00:00,112.145
2006-06-25T00:00:00,134.836
2006-06-26T00:00:00,137.236
2006-06-27T00:00:00,119.519
2006-06-28T00:00:00,115.838
2006-06-29T00:00:00,108.967
2006-06-30T00:00:00,102.588
2006-07-01T00:00:00,91.204
2006-07-02T00:00:00,82.908
2006-07-03T00:00:00,92.307
2006-07-04T00:00:00,98.7
2006-07-05T00:00:00,110.717
2006-07-06T00:00:00,123.318
2006-07-07T00:00:00,175.083
2006-07-08T00:00:00,130.72
2006-07-09T00:00:00,135.665
2006-07-10T00:00:00,136.311
2006-07-11T00:00:00,139.482
2006-07-12T00:00:00,126.496
2006-07-13T00:00:00,122.938
2006-07-14T00:00:00,111.86
2006-07-15T00:00:00,119.107
2006-07-16T00:00:00,114.163
2006-07-17T00:00:00,115.071
2006-07-18T00:00:00,97.447
2006-07-19T00:00:00,101.762
2006-07-20T00:00:00,119.251
2006-07-21T00:00:00,112.716
2006-07-22T00:00:00,111.373
2006-07-23T00:00:00,129.324
2006-07-24T00:00:00,110.129
2006-07-25T00:00:00,106.246
2006-07-26T00:00:00,95.996
2006-07-27T00:00:00,127.949
2006-07-28T00:00:00,103.139
2006-07-29T00:00:00,112.783
2006-07-30T00:00:00,126.368
2006-07-31T00:00:00,107.378
2006-08-01T00:00:00,100.761
2006-08-02T00:00:00,102.209
2006-08-03T00:00:00,100.706
2006-08-04T00:00:00,105.789
2006-08-05T00:00:00,108.477
2006-08-06T00:00:00,110.311
2006-08-07T00:00:00,114.555
2006-08-08T00:00:00,122.827
2006-08-09T00:00:00,115.095
2006-08-10T00:00:00,114.032
2006-08-11T00:00:00,107.308
2006-08-12T00:00:00,105.24
2006-08-13T00:00:00,136.894
2006-08-14T00:00:00,173.19
2006-08-15T00:00:00,156.73
2006-08-16T00:00:00,146.158
2006-08-17T00:00:00,172.534
2006-08-18T00:00:00,173.279
2006-08-19T00:00:00,177.652
2006-08-20T00:00:00,170.111
2006-08-21T00:00:00,177.059
2006-08-22T00:00:00,178.682
2006-08-23T00:00:00,180.781
2006-08-24T00:00:00,182.681
2006-08-25T00:00:00,177.815
2006-08-26T00:00:00,179.854
2006-08-27T00:00:00,180.09
2006-08-28T00:00:00,196.065
2006-08-29T00:00:00,196.682
2006-08-30T00:00:00,201.053
2006-08-31T00:00:00,180.421
2006-09-01T00:00:00,166.646
2006-09-02T00:00:00,174.473
2006-09-03T00:00:00,164.052
2006-09-04T00:00:00,162.439
2006-09-05T00:00:00,160.452
2006-09-06T00:00:00,150.669
2006-09-07T00:00:00,145.366
2006-09-08T00:00:00,148.993
2006-09-09T00:00:00,143.623
2006-09-10T00:00:00,142.32
2006-09-11T00:00:00,138.548
2006-09-12T00:00:00,140.156
2006-09-13T00:00:00,145.027
2006-09-14T00:00:00,143.101
2006-09-15T00:00:00,176.145
2006-09-16T00:00:00,152.639
2006-09-17T00:00:00,141.833
2006-09-18T00:00:00,144.463
2006-09-19T00:00:00,144.804
2006-09-20T00:00:00,150.244
2006-09-21T00:00:00,146.913
2006-09-22T00:00:00,140.151
2006-09-23T00:00:00,148.092
2006-09-24T00:00:00,197.061
2006-09-25T00:00:00,179.163
2006-09-26T00:00:00,198.952
2006-09-27T00:00:00,137.172
2006-09-28T00:00:00,145.672
2006-09-29T00:00:00,142.044
2006-09-30T00:00:00,130.254
2006-10-01T00:00:00,139.209
2006-10-02T00:00:00,156.113
2006-10-03T00:00:00,209.561
2006-10-04T00:00:00,243.37
2006-10-05T00:00:00,279.505
2006-10-06T00:00:00,310.598
2006-10-07T00:00:00,324.686
2006-10-08T00:00:00,324.339
2006-10-09T00:00:00,355.095
2006-10-10T00:00:00,349.618
2006-10-11T00:00:00,313.333
2006-10-12T00:00:00,317.24
2006-10-13T00:00:00,307.16
2006-10-14T00:00:00,306.478
2006-10-15T00:00:00,299.453
2006-10-16T00:00:00,277.587
2006-10-17T00:00:00,277.649
2006-10-18T00:00:00,272.379
2006-10-19T00:00:00,261.804
2006-10-20T00:00:00,260.371
2006-10-21T00:00:00,262.226
2006-10-22T00:00:00,265.184
2006-10-23T00:00:00,265.672
2006-10-24T00:00:00,251.554
2006-10-25T00:00:00,271.113
2006-10-26T00:00:00,293.41
2006-10-27T00:00:00,275.76
2006-10-28T00:00:00,287.77
2006-10-29T00:00:00,270.97
2006-10-30T00:00:00,281.47
2006-10-31T00:00:00,266.493
2006-11-01T00:00:00,252.009
2006-11-02T00:00:00,253.104
2006-11-03T00:00:00,224.901
2006-11-04T00:00:00,186.795
2006-11-05T00:00:00,197.947
2006-11-06T00:00:00,209.379
2006-11-07T00:00:00,224.401
2006-11-08T00:00:00,189.948
2006-11-09T00:00:00,191.021
2006-11-10T00:00:00,173.737
2006-11-11T00:00:00,158.992
2006-11-12T00:00:00,149.853
2006-11-13T00:00:00,144.009
2006-11-14T00:00:00,160.209
2006-11-15T00:00:00,162.639
2006-11-16T00:00:00,159.624
2006-11-17T00:00:00,146.819
2006-11-18T00:00:00,140.562
2006-11-19T00:00:00,180.213
2006-11-20T00:00:00,186.451
2006-11-21T00:00:00,197.787
2006-11-22T00:00:00,223.609
2006-11-23T00:00:00,246.969
2006-11-24T00:00:00,323.971
2006-11-25T00:00:00,395.888
2006-11-26T00:00:00,367.721
2006-11-27T00:00:00,371.88
2006-11-28T00:00:00,484.405
2006-11-29T00:00:00,469.609
2006-11-30T00:00:00,441.71
2006-12-01T00:00:00,427.413
2006-12-02T00:00:00,375.371
2006-12-03T00:00:00,365.401
2006-12-04T00:00:00,337.945
2006-12-05T00:00:00,316.047
2006-12-06T00:00:00,345.368
2006-12-07T00:00:00,366.054
2006-12-08T00:00:00,449.899
2006-12-09T00:00:00,474.975
2006-12-10T00:00:00,446.434
2006-12-11T00:00:00,402.433
2006-12-12T00:00:00,398.139
2006-12-13T00:00:00,338.053
2006-12-14T00:00:00,327.108
2006-12-15T00:00:00,317.837
2006-12-16T00:00:00,304.142
2006-12-17T00:00:00,294.21
2006-12-18T00:00:00,269.079
2006-12-19T00:00:00,241.134
2006-12-20T00:00:00,249.618
2006-12-21T00:00:00,225.88
2006-12-22T00:00:00,213.627
2006-12-23T00:00:00,211.918
2006-12-24T00:00:00,209.006
2006-12-25T00:00:00,203.376
2006-12-26T00:00:00,185.337
2006-12-27T00:00:00,172.408
2006-12-28T00:00:00,154.672
2006-12-29T00:00:00,165.551
2006-12-30T00:00:00,174.572
2006-12-31T00:00:00,177.302
2007-01-01T00:00:00,190.54
2007-01-02T00:00:00,217.551
2007-01-03T00:00:00,243.192
2007-01-04T00:00:00,284.51
2007-01-05T00:00:00,276.72
2007-01-06T00:00:00,279.272
2007-01-07T00:00:00,277.955
2007-01-08T00:00:00,308.621
2007-01-09T00:00:00,326.92
2007-01-10T00:00:00,292.144
2007-01-11T00:00:00,320.927
2007-01-12T00:00:00,332.428
2007-01-13T00:00:00,346.476
2007-01-14T00:00:00,326.855
2007-01-15T00:00:00,324.455
2007-01-16T00:00:00,321.132
2007-01-17T00:00:00,314.459
2007-01-18T00:00:00,313.513
2007-01-19T00:00:00,332.022
2007-01-20T00:00:00,347.573
2007-01-21T00:00:00,339.49
2007-01-22T00:00:00,364.159
2007-01-23T00:00:00,385.22
2007-01-24T00:00:00,395.179
2007-01-25T00:00:00,402.224
2007-01-26T00:00:00,390.671
2007-01-27T00:00:00,369.707
2007-01-28T00:00:00,352.329
2007-01-29T00:00:00,315.744
2007-01-30T00:00:00,316.628
2007-01-31T00:00:00,317.653
2007-02-01T00:00:00,323.967
2007-02-02T00:00:00,300.287
2007-02-03T00:00:00,297.517
2007-02-04T00:00:00,282.25
2007-02-05T00:00:00,259.085
2007-02-06T00:00:00,241.018
2007-02-07T00:00:00,230.959
2007-02-08T00:00:00,254.174
2007-02-09T00:00:00,276.571
2007-02-10T00:00:00,329.228
2007-02-11T00:00:00,364.413
2007-02-12T00:00:00,471.826
2007-02-13T00:00:00,594.415
2007-02-14T00:00:00,607.125
2007-02-15T00:00:00,658.153
2007-02-16T00:00:00,686.113
2007-02-17T00:00:00,692.662
2007-02-18T00:00:00,637.414
2007-02-19T00:00:00,592.086
2007-02-20T00:00:00,580.425
2007-02-21T00:00:00,552.445
2007-02-22T00:00:00,526.26
2007-02-23T00:00:00,489.021
2007-02-24T00:00:00,457.809
2007-02-25T00:00:00,437.047
2007-02-26T00:00:00,423.612
2007-02-27T00:00:00,421.759
2007-02-28T00:00:00,435.768
2007-03-01T00:00:00,493.89
2007-03-02T00:00:00,640.074
2007-03-03T00:00:00,867.86
2007-03-04T00:00:00,927.214
2007-03-05T00:00:00,954.51
2007-03-06T00:00:00,952.037
2007-03-07T00:00:00,886.334
2007-03-08T00:00:00,906.502
2007-03-09T00:00:00,895.093
2007-03-10T00:00:00,859.824
2007-03-11T00:00:00,823.919
2007-03-12T00:00:00,805.183
2007-03-13T00:00:00,763.861
2007-03-14T00:00:00,710.238
2007-03-15T00:00:00,673.196
2007-03-16T00:00:00,615.569
2007-03-17T00:00:00,583.689
2007-03-18T00:00:00,529.172
2007-03-19T00:00:00,502.867
2007-03-20T00:00:00,469.382
2007-03-21T00:00:00,483.517
2007-03-22T00:00:00,481.637
2007-03-23T00:00:00,452.582
2007-03-24T00:00:00,449.282
2007-03-25T00:00:00,448.17
2007-03-26T00:00:00,465.424
2007-03-27T00:00:00,480.541
2007-03-28T00:00:00,471.413
2007-03-29T00:00:00,469.396
2007-03-30T00:00:00,479.721
2007-03-31T00:00:00,483.907
2007-04-01T00:00:00,518.799
2007-04-02T00:00:00,518.421
2007-04-03T00:00:00,494.528
2007-04-04T00:00:00,482.306
2007-04-05T00:00:00,449.489
2007-04-06T00:00:00,402.871
2007-04-07T00:00:00,381.915
2007-04-08T00:00:00,374.141
2007-04-09T00:00:00,360.319
2007-04-10T00:00:00,320.885
2007-04-11T00:00:00,305.956
2007-04-12T00:00:00,301.654
2007-04-13T00:00:00,272.467
2007-04-14T00:00:00,256.664
2007-04-15T00:00:00,254.402
2007-04-16T00:00:00,257.335
2007-04-17T00:00:00,256.183
2007-04-18T00:00:00,244.589
2007-04-19T00:00:00,200.602
2007-04-20T00:00:00,213.129
2007-04-21T00:00:00,210.636
2007-04-22T00:00:00,205.241
2007-04-23T00:00:00,194.134
2007-04-24T00:00:00,179.31
2007-04-25T00:00:00,169.952
2007-04-26T00:00:00,182.481
2007-04-27T00:00:00,170.912
2007-04-28T00:00:00,171.199
2007-04-29T00:00:00,172.507
2007-04-30T00:00:00,187.213
2007-05-01T00:00:00,167.663
2007-05-02T00:00:00,168.586
2007-05-03T00:00:00,153.205
2007-05-04T00:00:00,152.698
2007-05-05T00:00:00,164.612
2007-05-06T00:00:00,156.119
2007-05-07T00:00:00,151.527
2007-05-08T00:00:00,153.125
2007-05-09T00:00:00,150.351
2007-05-10T00:00:00,138.541
2007-05-11T00:00:00,144.9
2007-05-12T00:00:00,156.662
2007-05-13T00:00:00,157.246
2007-05-14T00:00:00,149.289
2007-05-15T00:00:00,141.843
2007-05-16T00:00:00,140.259
2007-05-17T00:00:00,128.04
2007-05-18T00:00:00,144.606
2007-05-19T00:00:00,151.035
2007-05-20T00:00:00,212.033
2007-05-21T00:00:00,191.96
2007-05-22T00:00:00,183.819
2007-05-23T00:00:00,174.43
2007-05-24T00:00:00,153.721
2007-05-25T00:00:00,165.859
2007-05-26T00:00:00,163.001
2007-05-27T00:00:00,165.754
2007-05-28T00:00:00,192.898
2007-05-29T00:00:00,178.778
2007-05-30T00:00:00,167.83
2007-05-31T00:00:00,164.346
2007-06-01T00:00:00,169.567
2007-06-02T00:00:00,174.577
2007-06-03T00:00:00,165.136
2007-06-04T00:00:00,165.632
2007-06-05T00:00:00,152.147
2007-06-06T00:00:00,142.944
2007-06-07T00:00:00,133.765
2007-06-08T00:00:00,136.343
2007-06-09T00:00:00,137.18
2007-06-10T00:00:00,135.559
2007-06-11T00:00:00,135.709
2007-06-12T00:00:00,133.649
2007-06-13T00:00:00,138.439
2007-06-14T00:00:00,151.6
2007-06-15T00:00:00,168.401
2007-06-16T00:00:00,154.329
2007-06-17T00:00:00,168.6
2007-06-18T00:00:00,177.494
2007-06-19T00:00:00,143.775
2007-06-20T00:00:00,161.319
2007-06-21T00:00:00,149.767
2007-06-22T00:00:00,152.989
2007-06-23T00:00:00,162.243
2007-06-24T00:00:00,133.695
2007-06-25T00:00:00,129.335
2007-06-26T00:00:00,146.866
2007-06-27T00:00:00,150.002
2007-06-28T00:00:00,141.422
2007-06-29T00:00:00,141.518
2007-06-30T00:00:00,139.593
2007-07-01T00:00:00,137.986
2007-07-02T00:00:00,136.425
2007-07-03T00:00:00,168.556
2007-07-04T00:00:00,176.789
2007-07-05T00:00:00,168.562
2007-07-06T00:00:00,158.2
2007-07-07T00:00:00,186.922
2007-07-08T00:00:00,179.928
2007-07-09T00:00:00,192.361
2007-07-10T00:00:00,189.896
2007-07-11T00:00:00,205.787
2007-07-12T00:00:00,214.962
2007-07-13T00:00:00,217.479
2007-07-14T00:00:00,216.779
2007-07-15T00:00:00,181.138
2007-07-16T00:00:00,171.715
2007-07-17T00:00:00,186.558
2007-07-18T00:00:00,170.562
2007-07-19T00:00:00,165.117
2007-07-20T00:00:00,157.817
2007-07-21T00:00:00,163.485
2007-07-22T00:00:00,169.75
2007-07-23T00:00:00,227.384
2007-07-24T00:00:00,214.53
2007-07-25T00:00:00,194.704
2007-07-26T00:00:00,191.411
2007-07-27T00:00:00,184.537
2007-07-28T00:00:00,183.794
2007-07-29T00:00:00,183.661
2007-07-30T00:00:00,185.832
2007-07-31T00:00:00,195.699
2007-08-01T00:00:00,261.622
2007-08-02T00:00:00,210.547
2007-08-03T00:00:00,203.052
2007-08-04T00:00:00,199.131
2007-08-05T00:00:00,183.923
2007-08-06T00:00:00,196.915
2007-08-07T00:00:00,187.914
2007-08-08T00:00:00,255.982
2007-08-09T00:00:00,209.843
2007-08-10T00:00:00,183.082
2007-08-11T00:00:00,204.42
2007-08-12T00:00:00,276.951
2007-08-13T00:00:00,258.782
2007-08-14T00:00:00,276.032
2007-08-15T00:00:00,262.675
2007-08-16T00:00:00,278.941
2007-08-17T00:00:00,273.083
2007-08-18T00:00:00,252.996
2007-08-19T00:00:00,261.302
2007-08-20T00:00:00,270.757
2007-08-21T00:00:00,261.822
2007-08-22T00:00:00,282.563
2007-08-23T00:00:00,390.656
2007-08-24T00:00:00,386.299
2007-08-25T00:00:00,353.517
2007-08-26T00:00:00,362.81
2007-08-27T00:00:00,318.737
2007-08-28T00:00:00,302.308
2007-08-29T00:00:00,295.027
2007-08-30T00:00:00,281.896
2007-08-31T00:00:00,246.93
2007-09-01T00:00:00,268.126
2007-09-02T00:00:00,265.938
2007-09-03T00:00:00,265.25
2007-09-04T00:00:00,250.491
2007-09-05T00:00:00,238.709
2007-09-06T00:00:00,248.753
2007-09-07T00:00:00,236.047
2007-09-08T00:00:00,229.009
2007-09-09T00:00:00,228.026
2007-09-10T00:00:00,222.961
2007-09-11T00:00:00,225.421
2007-09-12T00:00:00,212.757
2007-09-13T00:00:00,206.097
2007-09-14T00:00:00,206.251
2007-09-15T00:00:00,199.52
2007-09-16T00:00:00,198.778
2007-09-17T00:00:00,200.638
2007-09-18T00:00:00,200.793
2007-09-19T00:00:00,197.321
2007-09-20T00:00:00,180.035
2007-09-21T00:00:00,161.042
2007-09-22T00:00:00,173.279
2007-09-23T00:00:00,175.635
2007-09-24T00:00:00,177.362
2007-09-25T00:00:00,169.344
2007-09-26T00:00:00,171.498
2007-09-27T00:00:00,173.903
2007-09-28T00:00:00,188.899
2007-09-29T00:00:00,232.407
2007-09-30T00:00:00,242.223
2007-10-01T00:00:00,257.378
2007-10-02T00:00:00,229.237
2007-10-03T00:00:00,239.37
2007-10-04T00:00:00,249.313
2007-10-05T00:00:00,274.884
2007-10-06T00:00:00,249.115
2007-10-07T00:00:00,233.584
2007-10-08T00:00:00,238.04
2007-10-09T00:00:00,237.038
2007-10-10T00:00:00,253.175
2007-10-11T00:00:00,241.441
2007-10-12T00:00:00,228.925
2007-10-13T00:00:00,222.451
2007-10-14T00:00:00,220.542
2007-10-15T00:00:00,206.869
2007-10-16T00:00:00,204.102
2007-10-17T00:00:00,202.214
2007-10-18T00:00:00,203.072
2007-10-19T00:00:00,189.624
2007-10-20T00:00:00,195.355
2007-10-21T00:00:00,192.188
2007-10-22T00:00:00,189.258
2007-10-23T00:00:00,183.287
2007-10-24T00:00:00,178.515
2007-10-25T00:00:00,158.279
2007-10-26T00:00:00,155.939
2007-10-27T00:00:00,155.476
2007-10-28T00:00:00,155.969
2007-10-29T00:00:00,198.541
2007-10-30T00:00:00,188.102
2007-10-31T00:00:00,183.021
2007-11-01T00:00:00,171.638
2007-11-02T00:00:00,169.313
2007-11-03T00:00:00,176.923
2007-11-04T00:00:00,168.591
2007-11-05T00:00:00,150.161
2007-11-06T00:00:00,133.323
2007-11-07T00:00:00,115.618
2007-11-08T00:00:00,117.693
2007-11-09T00:00:00,128.067
2007-11-10T00:00:00,142.044
2007-11-11T00:00:00,152.913
2007-11-12T00:00:00,180.866
2007-11-13T00:00:00,164.428
2007-11-14T00:00:00,183.808
2007-11-15T00:00:00,158.128
2007-11-16T00:00:00,150.317
2007-11-17T00:00:00,140.258
2007-11-18T00:00:00,145.318
2007-11-19T00:00:00,144.771
2007-11-20T00:00:00,166.474
2007-11-21T00:00:00,161.075
2007-11-22T00:00:00,164.242
2007-11-23T00:00:00,150.643
2007-11-24T00:00:00,136.169
2007-11-25T00:00:00,133.33
2007-11-26T00:00:00,144.631
2007-11-27T00:00:00,144.387
2007-11-28T00:00:00,165.322
2007-11-29T00:00:00,154.882
2007-11-30T00:00:00,157.801
2007-12-01T00:00:00,161.001
2007-12-02T00:00:00,179.071
2007-12-03T00:00:00,233.48
2007-12-04T00:00:00,335.296
2007-12-05T00:00:00,367.362
2007-12-06T00:00:00,433.587
2007-12-07T00:00:00,461.802
2007-12-08T00:00:00,534.903
2007-12-09T00:00:00,609.985
2007-12-10T00:00:00,690.956
2007-12-11T00:00:00,692.139
2007-12-12T00:00:00,705.646
2007-12-13T00:00:00,703.184
2007-12-14T00:00:00,676.966
2007-12-15T00:00:00,657.331
2007-12-16T00:00:00,655.669
2007-12-17T00:00:00,636.202
2007-12-18T00:00:00,611.246
2007-12-19T00:00:00,581.66
2007-12-20T00:00:00,546.069
2007-12-21T00:00:00,488.536
2007-12-22T00:00:00,434.085
2007-12-23T00:00:00,389.258
2007-12-24T00:00:00,385.844
2007-12-25T00:00:00,326.007
2007-12-26T00:00:00,310.871
2007-12-27T00:00:00,302.169
2007-12-28T00:00:00,281.615
2007-12-29T00:00:00,278.605
2007-12-30T00:00:00,262.293
2007-12-31T00:00:00,257.584
2008-01-01T00:00:00,223.091
2008-01-02T00:00:00,222.491
2008-01-03T00:00:00,213.506
2008-01-04T00:00:00,202.562
2008-01-05T00:00:00,249.245
2008-01-06T00:00:00,264.083
2008-01-07T00:00:00,341.058
2008-01-08T00:00:00,431.018
2008-01-09T00:00:00,462.598
2008-01-10T00:00:00,426.563
2008-01-11T00:00:00,405.008
2008-01-12T00:00:00,408.478
2008-01-13T00:00:00,398.064
2008-01-14T00:00:00,412.394
2008-01-15T00:00:00,410.565
2008-01-16T00:00:00,414.742
2008-01-17T00:00:00,430.175
2008-01-18T00:00:00,456.581
2008-01-19T00:00:00,459.038
2008-01-20T00:00:00,439.209
2008-01-21T00:00:00,413.018
2008-01-22T00:00:00,407.623
2008-01-23T00:00:00,410.37
2008-01-24T00:00:00,403.187
2008-01-25T00:00:00,385.351
2008-01-26T00:00:00,379.421
2008-01-27T00:00:00,356.26
2008-01-28T00:00:00,345.484
2008-01-29T00:00:00,319.701
2008-01-30T00:00:00,320.966
2008-01-31T00:00:00,304.893
2008-02-01T00:00:00,386.27
2008-02-02T00:00:00,565.139
2008-02-03T00:00:00,672.051
2008-02-04T00:00:00,635.931
2008-02-05T00:00:00,654.304
2008-02-06T00:00:00,694.786
2008-02-07T00:00:00,749.505
2008-02-08T00:00:00,678.433
2008-02-09T00:00:00,623.181
2008-02-10T00:00:00,590.621
2008-02-11T00:00:00,567.091
2008-02-12T00:00:00,528.389
2008-02-13T00:00:00,502.197
2008-02-14T00:00:00,462.473
2008-02-15T00:00:00,424.161
2008-02-16T00:00:00,385.075
2008-02-17T00:00:00,366.897
2008-02-18T00:00:00,343.599
2008-02-19T00:00:00,301.807
2008-02-20T00:00:00,302.415
2008-02-21T00:00:00,315.742
2008-02-22T00:00:00,301.469
2008-02-23T00:00:00,285.076
2008-02-24T00:00:00,281.879
2008-02-25T00:00:00,287.467
2008-02-26T00:00:00,277.888
2008-02-27T00:00:00,262.302
2008-02-28T00:00:00,261.664
2008-02-29T00:00:00,271.192
2008-03-01T00:00:00,266.35
2008-03-02T00:00:00,265.708
2008-03-03T00:00:00,259.146
2008-03-04T00:00:00,263.955
2008-03-05T00:00:00,292.042
2008-03-06T00:00:00,288.671
2008-03-07T00:00:00,311.844
2008-03-08T00:00:00,319.042
2008-03-09T00:00:00,301.619
2008-03-10T00:00:00,294.234
2008-03-11T00:00:00,289.108
2008-03-12T00:00:00,323.932
2008-03-13T00:00:00,408.205
2008-03-14T00:00:00,427.529
2008-03-15T00:00:00,437.437
2008-03-16T00:00:00,460.653
2008-03-17T00:00:00,479.391
2008-03-18T00:00:00,592.593
2008-03-19T00:00:00,600.729
2008-03-20T00:00:00,579.234
2008-03-21T00:00:00,555.045
2008-03-22T00:00:00,642.938
2008-03-23T00:00:00,796.179
2008-03-24T00:00:00,829.957
2008-03-25T00:00:00,807.042
2008-03-26T00:00:00,781.288
2008-03-27T00:00:00,822.604
2008-03-28T00:00:00,869.223
2008-03-29T00:00:00,933.518
2008-03-30T00:00:00,913.654
2008-03-31T00:00:00,882.204
2008-04-01T00:00:00,880.931
2008-04-02T00:00:00,880.462
2008-04-03T00:00:00,825.709
2008-04-04T00:00:00,788.154
2008-04-05T00:00:00,778.977
2008-04-06T00:00:00,731.069
2008-04-07T00:00:00,678.791
2008-04-08T00:00:00,647.387
2008-04-09T00:00:00,633.914
2008-04-10T00:00:00,608.43
2008-04-11T00:00:00,694.104
2008-04-12T00:00:00,672.603
2008-04-13T00:00:00,671.433
2008-04-14T00:00:00,716.929
2008-04-15T00:00:00,846.117
2008-04-16T00:00:00,862.601
2008-04-17T00:00:00,812.681
2008-04-18T00:00:00,749.755
2008-04-19T00:00:00,740.332
2008-04-20T00:00:00,723.794
2008-04-21T00:00:00,743.233
2008-04-22T00:00:00,727.762
2008-04-23T00:00:00,686.678
2008-04-24T00:00:00,637.569
2008-04-25T00:00:00,612.101
2008-04-26T00:00:00,549.22
2008-04-27T00:00:00,561.15
2008-04-28T00:00:00,540.969
2008-04-29T00:00:00,545.437
2008-04-30T00:00:00,568.156
2008-05-01T00:00:00,568.758
2008-05-02T00:00:00,538.054
2008-05-03T00:00:00,518.59
2008-05-04T00:00:00,503.805
2008-05-05T00:00:00,450.074
2008-05-06T00:00:00,418.428
2008-05-07T00:00:00,390.686
2008-05-08T00:00:00,365.909
2008-05-09T00:00:00,337.607
2008-05-10T00:00:00,347.007
2008-05-11T00:00:00,319.822
2008-05-12T00:00:00,297.692
2008-05-13T00:00:00,277.175
2008-05-14T00:00:00,280.409
2008-05-15T00:00:00,308.376
2008-05-16T00:00:00,296.272
2008-05-17T00:00:00,290.648
2008-05-18T00:00:00,294.385
2008-05-19T00:00:00,281.042
2008-05-20T00:00:00,270.168
2008-05-21T00:00:00,247.223
2008-05-22T00:00:00,235.832
2008-05-23T00:00:00,215.7
2008-05-24T00:00:00,222.132
2008-05-25T00:00:00,224.489
2008-05-26T00:00:00,242.955
2008-05-27T00:00:00,267.847
2008-05-28T00:00:00,371.99
2008-05-29T00:00:00,361.331
2008-05-30T00:00:00,303.084
2008-05-31T00:00:00,281.69
2008-06-01T00:00:00,309.715
2008-06-02T00:00:00,350.312
2008-06-03T00:00:00,316.557
2008-06-04T00:00:00,321.663
2008-06-05T00:00:00,310.608
2008-06-06T00:00:00,276.303
2008-06-07T00:00:00,284.321
2008-06-08T00:00:00,328.987
2008-06-09T00:00:00,382.397
2008-06-10T00:00:00,423.32
2008-06-11T00:00:00,401.354
2008-06-12T00:00:00,409.607
2008-06-13T00:00:00,429.357
2008-06-14T00:00:00,373.734
2008-06-15T00:00:00,354.874
2008-06-16T00:00:00,338.069
2008-06-17T00:00:00,327.696
2008-06-18T00:00:00,316.69
2008-06-19T00:00:00,311.536
2008-06-20T00:00:00,264.36
2008-06-21T00:00:00,236.55
2008-06-22T00:00:00,245.522
2008-06-23T00:00:00,231.337
2008-06-24T00:00:00,226.37
2008-06-25T00:00:00,220.336
2008-06-26T00:00:00,201.944
2008-06-27T00:00:00,208.579
2008-06-28T00:00:00,197.842
2008-06-29T00:00:00,198.313
2008-06-30T00:00:00,191.595
2008-07-01T00:00:00,169.682
2008-07-02T00:00:00,183.91
2008-07-03T00:00:00,176.161
2008-07-04T00:00:00,181.316
2008-07-05T00:00:00,263.701
2008-07-06T00:00:00,273.071
2008-07-07T00:00:00,281.952
2008-07-08T00:00:00,234.704
2008-07-09T00:00:00,227.485
2008-07-10T00:00:00,242.932
2008-07-11T00:00:00,226.003
2008-07-12T00:00:00,221.622
2008-07-13T00:00:00,223.379
2008-07-14T00:00:00,216.194
2008-07-15T00:00:00,225.263
2008-07-16T00:00:00,208.476
2008-07-17T00:00:00,212.99
2008-07-18T00:00:00,186.898
2008-07-19T00:00:00,202.982
2008-07-20T00:00:00,196.756
2008-07-21T00:00:00,197.974
2008-07-22T00:00:00,180.003
2008-07-23T00:00:00,171.951
2008-07-24T00:00:00,174.314
2008-07-25T00:00:00,166.126
2008-07-26T00:00:00,190.504
2008-07-27T00:00:00,170.522
2008-07-28T00:00:00,171.746
2008-07-29T00:00:00,166.686
2008-07-30T00:00:00,156.779
2008-07-31T00:00:00,165.481
2008-08-01T00:00:00,169.144
2008-08-02T00:00:00,169.294
2008-08-03T00:00:00,171.147
2008-08-04T00:00:00,183.662
2008-08-05T00:00:00,185.824
2008-08-06T00:00:00,180.144
2008-08-07T00:00:00,272.221
2008-08-08T00:00:00,222.68
2008-08-09T00:00:00,172.514
2008-08-10T00:00:00,172.185
2008-08-11T00:00:00,174.461
2008-08-12T00:00:00,177.706
2008-08-13T00:00:00,173.789
2008-08-14T00:00:00,172.546
2008-08-15T00:00:00,197.704
2008-08-16T00:00:00,191.171
2008-08-17T00:00:00,193.258
2008-08-18T00:00:00,170.574
2008-08-19T00:00:00,170.304
2008-08-20T00:00:00,171.008
2008-08-21T00:00:00,171.84
2008-08-22T00:00:00,215.484
2008-08-23T00:00:00,213.955
2008-08-24T00:00:00,213.996
2008-08-25T00:00:00,201.124
2008-08-26T00:00:00,196.997
2008-08-27T00:00:00,201.513
2008-08-28T00:00:00,205.004
2008-08-29T00:00:00,192.653
2008-08-30T00:00:00,176.805
2008-08-31T00:00:00,183.811
2008-09-01T00:00:00,181.815
2008-09-02T00:00:00,170.978
2008-09-03T00:00:00,162.859
2008-09-04T00:00:00,185.187
2008-09-05T00:00:00,183.111
2008-09-06T00:00:00,177.098
2008-09-07T00:00:00,183.505
2008-09-08T00:00:00,192.232
2008-09-09T00:00:00,205.555
2008-09-10T00:00:00,214.167
2008-09-11T00:00:00,224.265
2008-09-12T00:00:00,238.787
2008-09-13T00:00:00,233.493
2008-09-14T00:00:00,282.591
2008-09-15T00:00:00,278.858
2008-09-16T00:00:00,273.895
2008-09-17T00:00:00,288.166
2008-09-18T00:00:00,270.928
2008-09-19T00:00:00,251.23
2008-09-20T00:00:00,256.467
2008-09-21T00:00:00,240.168
2008-09-22T00:00:00,236.668
2008-09-23T00:00:00,231.862
2008-09-24T00:00:00,223.34
2008-09-25T00:00:00,207.552
2008-09-26T00:00:00,213.663
2008-09-27T00:00:00,216.769
2008-09-28T00:00:00,204.18
2008-09-29T00:00:00,191.548
2008-09-30T00:00:00,185.326
2008-10-01T00:00:00,180.101
2008-10-02T00:00:00,192.604
2008-10-03T00:00:00,190.468
2008-10-04T00:00:00,192.355
2008-10-05T00:00:00,194.027
2008-10-06T00:00:00,196.152
2008-10-07T00:00:00,206.341
2008-10-08T00:00:00,213.559
2008-10-09T00:00:00,198.791
2008-10-10T00:00:00,186.813
2008-10-11T00:00:00,168.417
2008-10-12T00:00:00,195.936
2008-10-13T00:00:00,198.382
2008-10-14T00:00:00,179.304
2008-10-15T00:00:00,184.598
2008-10-16T00:00:00,176.594
2008-10-17T00:00:00,178.353
2008-10-18T00:00:00,188.192
2008-10-19T00:00:00,192.225
2008-10-20T00:00:00,192.653
2008-10-21T00:00:00,196.65
2008-10-22T00:00:00,196.705
2008-10-23T00:00:00,189.295
2008-10-24T00:00:00,249.921
2008-10-25T00:00:00,232.418
2008-10-26T00:00:00,241.878
2008-10-27T00:00:00,280.373
2008-10-28T00:00:00,278.84
2008-10-29T00:00:00,242.045
2008-10-30T00:00:00,236.069
2008-10-31T00:00:00,257.533
2008-11-01T00:00:00,277.363
2008-11-02T00:00:00,256.873
2008-11-03T00:00:00,348.716
2008-11-04T00:00:00,337.187
2008-11-05T00:00:00,383.765
2008-11-06T00:00:00,360.791
2008-11-07T00:00:00,328.178
2008-11-08T00:00:00,317.484
2008-11-09T00:00:00,315.116
2008-11-10T00:00:00,289.406
2008-11-11T00:00:00,270.622
2008-11-12T00:00:00,263.754
2008-11-13T00:00:00,263.093
2008-11-14T00:00:00,258.235
2008-11-15T00:00:00,236.045
2008-11-16T00:00:00,233.845
2008-11-17T00:00:00,223.114
2008-11-18T00:00:00,202.856
2008-11-19T00:00:00,179.154
2008-11-20T00:00:00,197.87
2008-11-21T00:00:00,205.236
2008-11-22T00:00:00,193.984
2008-11-23T00:00:00,191.744
2008-11-24T00:00:00,200.43
2008-11-25T00:00:00,195.591
2008-11-26T00:00:00,221.4
2008-11-27T00:00:00,225.224
2008-11-28T00:00:00,251.139
2008-11-29T00:00:00,227.815
2008-11-30T00:00:00,253.533
2008-12-01T00:00:00,251.94
2008-12-02T00:00:00,253.033
2008-12-03T00:00:00,285.496
2008-12-04T00:00:00,288.261
2008-12-05T00:00:00,295.392
2008-12-06T00:00:00,363.347
2008-12-07T00:00:00,473.157
2008-12-08T00:00:00,506.2
2008-12-09T00:00:00,518.065
2008-12-10T00:00:00,493.286
2008-12-11T00:00:00,506.859
2008-12-12T00:00:00,493.112
2008-12-13T00:00:00,506.125
2008-12-14T00:00:00,508.21
2008-12-15T00:00:00,466.035
2008-12-16T00:00:00,402.401
2008-12-17T00:00:00,392.99
2008-12-18T00:00:00,356.035
2008-12-19T00:00:00,331.44
2008-12-20T00:00:00,292.576
2008-12-21T00:00:00,305.749
2008-12-22T00:00:00,304.295
2008-12-23T00:00:00,298.652
2008-12-24T00:00:00,298.429
2008-12-25T00:00:00,269.902
2008-12-26T00:00:00,279.231
2008-12-27T00:00:00,272.313
2008-12-28T00:00:00,263.471
2008-12-29T00:00:00,253.147
2008-12-30T00:00:00,238.756
2008-12-31T00:00:00,208.346
2009-01-01T00:00:00,213.536
2009-01-02T00:00:00,228.538
2009-01-03T00:00:00,222.166
2009-01-04T00:00:00,217.755
2009-01-05T00:00:00,205.327
2009-01-06T00:00:00,190.812
2009-01-07T00:00:00,173.024
2009-01-08T00:00:00,176.663
2009-01-09T00:00:00,169.041
2009-01-10T00:00:00,166.148
2009-01-11T00:00:00,167.312
2009-01-12T00:00:00,152.836
2009-01-13T00:00:00,155.376
2009-01-14T00:00:00,155.467
2009-01-15T00:00:00,153.288
2009-01-16T00:00:00,156.685
2009-01-17T00:00:00,157.993
2009-01-18T00:00:00,178.219
2009-01-19T00:00:00,215.409
2009-01-20T00:00:00,261.056
2009-01-21T00:00:00,308.35
2009-01-22T00:00:00,331.168
2009-01-23T00:00:00,362.193
2009-01-24T00:00:00,418.763
2009-01-25T00:00:00,497.398
2009-01-26T00:00:00,528.32
2009-01-27T00:00:00,496.788
2009-01-28T00:00:00,418.203
2009-01-29T00:00:00,389.448
2009-01-30T00:00:00,372.621
2009-01-31T00:00:00,355.888
2009-02-01T00:00:00,332.032
2009-02-02T00:00:00,315.937
2009-02-03T00:00:00,314.332
2009-02-04T00:00:00,307.059
2009-02-05T00:00:00,349.766
2009-02-06T00:00:00,321.166
2009-02-07T00:00:00,332.991
2009-02-08T00:00:00,331.415
2009-02-09T00:00:00,335.393
2009-02-10T00:00:00,388.722
2009-02-11T00:00:00,504.307
2009-02-12T00:00:00,481.728
2009-02-13T00:00:00,475.409
2009-02-14T00:00:00,479.093
2009-02-15T00:00:00,487.951
2009-02-16T00:00:00,470.098
2009-02-17T00:00:00,454.352
2009-02-18T00:00:00,432.079
2009-02-19T00:00:00,391.75
2009-02-20T00:00:00,424.322
2009-02-21T00:00:00,430.076
2009-02-22T00:00:00,411.815
2009-02-23T00:00:00,370.908
2009-02-24T00:00:00,324.421
2009-02-25T00:00:00,339.925
2009-02-26T00:00:00,335.76
2009-02-27T00:00:00,319.5
2009-02-28T00:00:00,315.755
2009-03-01T00:00:00,302.782
2009-03-02T00:00:00,277.207
2009-03-03T00:00:00,255.896
2009-03-04T00:00:00,291.802
2009-03-05T00:00:00,280.812
2009-03-06T00:00:00,262.14
2009-03-07T00:00:00,263.799
2009-03-08T00:00:00,252.447
2009-03-09T00:00:00,241.179
2009-03-10T00:00:00,252.494
2009-03-11T00:00:00,271.75
2009-03-12T00:00:00,314.145
2009-03-13T00:00:00,349.117
2009-03-14T00:00:00,339.338
2009-03-15T00:00:00,334.925
2009-03-16T00:00:00,314.933
2009-03-17T00:00:00,303.035
2009-03-18T00:00:00,297.449
2009-03-19T00:00:00,290.622
2009-03-20T00:00:00,277.993
2009-03-21T00:00:00,262.017
2009-03-22T00:00:00,256.141
2009-03-23T00:00:00,239.274
2009-03-24T00:00:00,211.861
2009-03-25T00:00:00,232.094
2009-03-26T00:00:00,236.887
2009-03-27T00:00:00,240.107
2009-03-28T00:00:00,248.781
2009-03-29T00:00:00,259.586
2009-03-30T00:00:00,277.601
2009-03-31T00:00:00,252.685
2009-04-01T00:00:00,246.602
2009-04-02T00:00:00,244.541
2009-04-03T00:00:00,233.859
2009-04-04T00:00:00,215.539
2009-04-05T00:00:00,203.998
2009-04-06T00:00:00,206.324
2009-04-07T00:00:00,211.485
2009-04-08T00:00:00,195.647
2009-04-09T00:00:00,195.106
2009-04-10T00:00:00,190.351
2009-04-11T00:00:00,189.278
2009-04-12T00:00:00,196.635
2009-04-13T00:00:00,189.884
2009-04-14T00:00:00,190.208
2009-04-15T00:00:00,196.125
2009-04-16T00:00:00,186.057
2009-04-17T00:00:00,176.167
2009-04-18T00:00:00,170.396
2009-04-19T00:00:00,181.617
2009-04-20T00:00:00,189.949
2009-04-21T00:00:00,186.205
2009-04-22T00:00:00,184.724
2009-04-23T00:00:00,175.361
2009-04-24T00:00:00,170.753
2009-04-25T00:00:00,160.576
2009-04-26T00:00:00,165.439
2009-04-27T00:00:00,193.136
2009-04-28T00:00:00,259.715
2009-04-29T00:00:00,247.771
2009-04-30T00:00:00,242.593
2009-05-01T00:00:00,237.136
2009-05-02T00:00:00,235.516
2009-05-03T00:00:00,209.704
2009-05-04T00:00:00,181.4
2009-05-05T00:00:00,193.363
2009-05-06T00:00:00,160.913
2009-05-07T00:00:00,168.445
2009-05-08T00:00:00,166.464
2009-05-09T00:00:00,169.172
2009-05-10T00:00:00,176.256
2009-05-11T00:00:00,182.52
2009-05-12T00:00:00,225.96
2009-05-13T00:00:00,205.167
2009-05-14T00:00:00,244.601
2009-05-15T00:00:00,277.356
2009-05-16T00:00:00,266.311
2009-05-17T00:00:00,234.835
2009-05-18T00:00:00,236.626
2009-05-19T00:00:00,230.546
2009-05-20T00:00:00,212.124
2009-05-21T00:00:00,184.111
2009-05-22T00:00:00,180.913
2009-05-23T00:00:00,179.729
2009-05-24T00:00:00,177.117
2009-05-25T00:00:00,170.521
2009-05-26T00:00:00,172.755
2009-05-27T00:00:00,161.712
2009-05-28T00:00:00,149.228
2009-05-29T00:00:00,138.529
2009-05-30T00:00:00,133.746
2009-05-31T00:00:00,131.832
2009-06-01T00:00:00,127.179
2009-06-02T00:00:00,109.69
2009-06-03T00:00:00,107.078
2009-06-04T00:00:00,115.102
2009-06-05T00:00:00,109.279
2009-06-06T00:00:00,111.445
2009-06-07T00:00:00,122.363
2009-06-08T00:00:00,134.355
2009-06-09T00:00:00,166.681
2009-06-10T00:00:00,149.421
2009-06-11T00:00:00,154.801
2009-06-12T00:00:00,160.132
2009-06-13T00:00:00,135.46
2009-06-14T00:00:00,127.514
2009-06-15T00:00:00,196.928
2009-06-16T00:00:00,203.178
2009-06-17T00:00:00,193.599
2009-06-18T00:00:00,156.082
2009-06-19T00:00:00,139.698
2009-06-20T00:00:00,123.662
2009-06-21T00:00:00,121.973
2009-06-22T00:00:00,116.603
2009-06-23T00:00:00,101.497
2009-06-24T00:00:00,99.956
2009-06-25T00:00:00,102.611
2009-06-26T00:00:00,106.5
2009-06-27T00:00:00,99.222
2009-06-28T00:00:00,95.369
2009-06-29T00:00:00,105.061
2009-06-30T00:00:00,104.407
2009-07-01T00:00:00,103.861
2009-07-02T00:00:00,93.554
2009-07-03T00:00:00,86.798
2009-07-04T00:00:00,94.447
2009-07-05T00:00:00,93.336
2009-07-06T00:00:00,92.028
2009-07-07T00:00:00,95.426
2009-07-08T00:00:00,106.782
2009-07-09T00:00:00,105.657
2009-07-10T00:00:00,101.67
2009-07-11T00:00:00,110.7
2009-07-12T00:00:00,110.089
2009-07-13T00:00:00,116.226
2009-07-14T00:00:00,116.869
2009-07-15T00:00:00,122.88
2009-07-16T00:00:00,125.513
2009-07-17T00:00:00,193.713
2009-07-18T00:00:00,167.563
2009-07-19T00:00:00,160.155
2009-07-20T00:00:00,151.665
2009-07-21T00:00:00,145.669
2009-07-22T00:00:00,151.548
2009-07-23T00:00:00,185.396
2009-07-24T00:00:00,184.26
2009-07-25T00:00:00,172.574
2009-07-26T00:00:00,150.228
2009-07-27T00:00:00,150.117
2009-07-28T00:00:00,144.527
2009-07-29T00:00:00,129.677
2009-07-30T00:00:00,134.795
2009-07-31T00:00:00,132.353
2009-08-01T00:00:00,127.873
2009-08-02T00:00:00,135.485
2009-08-03T00:00:00,135.276
2009-08-04T00:00:00,133.238
2009-08-05T00:00:00,116.928
2009-08-06T00:00:00,116.032
2009-08-07T00:00:00,120.585
2009-08-08T00:00:00,117.368
2009-08-09T00:00:00,120.556
2009-08-10T00:00:00,116.852
2009-08-11T00:00:00,113.911
2009-08-12T00:00:00,111.423
2009-08-13T00:00:00,112.501
2009-08-14T00:00:00,115.22
2009-08-15T00:00:00,111.147
2009-08-16T00:00:00,111.555
2009-08-17T00:00:00,113.278
2009-08-18T00:00:00,111.858
2009-08-19T00:00:00,97.032
2009-08-20T00:00:00,101.108
2009-08-21T00:00:00,102.647
2009-08-22T00:00:00,103.985
2009-08-23T00:00:00,104.098
2009-08-24T00:00:00,110.867
2009-08-25T00:00:00,134.751
2009-08-26T00:00:00,110.557
2009-08-27T00:00:00,104.299
2009-08-28T00:00:00,101.382
2009-08-29T00:00:00,101.975
2009-08-30T00:00:00,101.257
2009-08-31T00:00:00,99.363
2009-09-01T00:00:00,107.175
2009-09-02T00:00:00,108.497
2009-09-03T00:00:00,107.754
2009-09-04T00:00:00,131.315
2009-09-05T00:00:00,129.866
2009-09-06T00:00:00,125.981
2009-09-07T00:00:00,120.551
2009-09-08T00:00:00,117.206
2009-09-09T00:00:00,115.119
2009-09-10T00:00:00,115.845
2009-09-11T00:00:00,115.696
2009-09-12T00:00:00,117.496
2009-09-13T00:00:00,117.689
2009-09-14T00:00:00,116.859
2009-09-15T00:00:00,119.676
2009-09-16T00:00:00,116.162
2009-09-17T00:00:00,116.189
2009-09-18T00:00:00,115.109
2009-09-19T00:00:00,117.118
2009-09-20T00:00:00,118.871
2009-09-21T00:00:00,116.006
2009-09-22T00:00:00,111.012
2009-09-23T00:00:00,109.903
2009-09-24T00:00:00,110.547
2009-09-25T00:00:00,107.491
2009-09-26T00:00:00,105.311
2009-09-27T00:00:00,106.899
2009-09-28T00:00:00,109.006
2009-09-29T00:00:00,110.204
2009-09-30T00:00:00,106.904
2009-10-01T00:00:00,113.835
2009-10-02T00:00:00,109.395
2009-10-03T00:00:00,108.797
2009-10-04T00:00:00,120.364
2009-10-05T00:00:00,150.938
2009-10-06T00:00:00,141.964
2009-10-07T00:00:00,126.284
2009-10-08T00:00:00,128.369
2009-10-09T00:00:00,133.295
2009-10-10T00:00:00,141.998
2009-10-11T00:00:00,130.337
2009-10-12T00:00:00,123.519
2009-10-13T00:00:00,115.851
2009-10-14T00:00:00,112.477
2009-10-15T00:00:00,112.705
2009-10-16T00:00:00,98.146
2009-10-17T00:00:00,94.107
2009-10-18T00:00:00,107.486
2009-10-19T00:00:00,109.364
2009-10-20T00:00:00,113.51
2009-10-21T00:00:00,117.436
2009-10-22T00:00:00,123.393
2009-10-23T00:00:00,123.736
2009-10-24T00:00:00,119.428
2009-10-25T00:00:00,122.056
2009-10-26T00:00:00,118.462
2009-10-27T00:00:00,117.489
2009-10-28T00:00:00,111.911
2009-10-29T00:00:00,110.271
2009-10-30T00:00:00,111.233
2009-10-31T00:00:00,110.895
2009-11-01T00:00:00,121.702
2009-11-02T00:00:00,156.504
2009-11-03T00:00:00,212.921
2009-11-04T00:00:00,187.513
2009-11-05T00:00:00,150.438
2009-11-06T00:00:00,154.367
2009-11-07T00:00:00,146.426
2009-11-08T00:00:00,134.944
2009-11-09T00:00:00,142.946
2009-11-10T00:00:00,139.506
2009-11-11T00:00:00,133.339
2009-11-12T00:00:00,136.251
2009-11-13T00:00:00,132.046
2009-11-14T00:00:00,133.711
2009-11-15T00:00:00,134.034
2009-11-16T00:00:00,136.581
2009-11-17T00:00:00,140.055
2009-11-18T00:00:00,139.465
2009-11-19T00:00:00,137.546
2009-11-20T00:00:00,135.406
2009-11-21T00:00:00,133.439
2009-11-22T00:00:00,137.856
2009-11-23T00:00:00,133.884
2009-11-24T00:00:00,129.664
2009-11-25T00:00:00,126.364
2009-11-26T00:00:00,128.315
2009-11-27T00:00:00,129.636
2009-11-28T00:00:00,146.42
2009-11-29T00:00:00,168.99
2009-11-30T00:00:00,159.563
2009-12-01T00:00:00,157.522
2009-12-02T00:00:00,155.885
2009-12-03T00:00:00,167.788
2009-12-04T00:00:00,174.396
2009-12-05T00:00:00,171.32
2009-12-06T00:00:00,158.902
2009-12-07T00:00:00,160.623
2009-12-08T00:00:00,163.296
2009-12-09T00:00:00,163.686
2009-12-10T00:00:00,151.313
2009-12-11T00:00:00,130.961
2009-12-12T00:00:00,119.877
2009-12-13T00:00:00,148.388
2009-12-14T00:00:00,158.25
2009-12-15T00:00:00,149.056
2009-12-16T00:00:00,140.115
2009-12-17T00:00:00,138.268
2009-12-18T00:00:00,135.113
2009-12-19T00:00:00,135.098
2009-12-20T00:00:00,127.783
2009-12-21T00:00:00,131.908
2009-12-22T00:00:00,151.545
2009-12-23T00:00:00,190.54
2009-12-24T00:00:00,334.257
2009-12-25T00:00:00,395.038
2009-12-26T00:00:00,415.226
2009-12-27T00:00:00,383.429
2009-12-28T00:00:00,341.303
2009-12-29T00:00:00,360.695
2009-12-30T00:00:00,386.332
2009-12-31T00:00:00,455.324
2010-01-01T00:00:00,489.647
2010-01-02T00:00:00,521.563
2010-01-03T00:00:00,482.225
2010-01-04T00:00:00,438.872
2010-01-05T00:00:00,415.396
2010-01-06T00:00:00,384.548
2010-01-07T00:00:00,329.232
2010-01-08T00:00:00,303.198
2010-01-09T00:00:00,304.778
2010-01-10T00:00:00,270.674
2010-01-11T00:00:00,266.547
2010-01-12T00:00:00,232.671
2010-01-13T00:00:00,240.605
2010-01-14T00:00:00,252.686
2010-01-15T00:00:00,241.68
2010-01-16T00:00:00,258.22
2010-01-17T00:00:00,267.355
2010-01-18T00:00:00,301.589
2010-01-19T00:00:00,301.272
2010-01-20T00:00:00,312.813
2010-01-21T00:00:00,313.601
2010-01-22T00:00:00,302.063
2010-01-23T00:00:00,309.776
2010-01-24T00:00:00,290.022
2010-01-25T00:00:00,282.72
2010-01-26T00:00:00,299.656
2010-01-27T00:00:00,312.27
2010-01-28T00:00:00,292.139
2010-01-29T00:00:00,306.709
2010-01-30T00:00:00,334.229
2010-01-31T00:00:00,388.522
2010-02-01T00:00:00,385.169
2010-02-02T00:00:00,370.1
2010-02-03T00:00:00,355.882
2010-02-04T00:00:00,389.424
2010-02-05T00:00:00,461.154
2010-02-06T00:00:00,541.665
2010-02-07T00:00:00,632.572
2010-02-08T00:00:00,640.461
2010-02-09T00:00:00,596.614
2010-02-10T00:00:00,569.589
2010-02-11T00:00:00,566.038
2010-02-12T00:00:00,543.996
2010-02-13T00:00:00,524.602
2010-02-14T00:00:00,465.998
2010-02-15T00:00:00,405.378
2010-02-16T00:00:00,353.19
2010-02-17T00:00:00,349.372
2010-02-18T00:00:00,343.312
2010-02-19T00:00:00,318.897
2010-02-20T00:00:00,336.375
2010-02-21T00:00:00,342.43
2010-02-22T00:00:00,328.224
2010-02-23T00:00:00,307.151
2010-02-24T00:00:00,320.116
2010-02-25T00:00:00,357.933
2010-02-26T00:00:00,399.789
2010-02-27T00:00:00,471.136
2010-02-28T00:00:00,541.208
2010-03-01T00:00:00,591.413
2010-03-02T00:00:00,564.135
2010-03-03T00:00:00,539.029
2010-03-04T00:00:00,531.828
2010-03-05T00:00:00,504.018
2010-03-06T00:00:00,469.968
2010-03-07T00:00:00,451.443
2010-03-08T00:00:00,394.395
2010-03-09T00:00:00,391.987
2010-03-10T00:00:00,345.433
2010-03-11T00:00:00,318.366
2010-03-12T00:00:00,323.97
2010-03-13T00:00:00,288.752
2010-03-14T00:00:00,289.91
2010-03-15T00:00:00,285.443
2010-03-16T00:00:00,257.587
2010-03-17T00:00:00,251.13
2010-03-18T00:00:00,246.619
2010-03-19T00:00:00,234.607
2010-03-20T00:00:00,259.037
2010-03-21T00:00:00,258.133
2010-03-22T00:00:00,240.158
2010-03-23T00:00:00,231.455
2010-03-24T00:00:00,212.569
2010-03-25T00:00:00,230.715
2010-03-26T00:00:00,215.915
2010-03-27T00:00:00,235.339
2010-03-28T00:00:00,245.108
2010-03-29T00:00:00,263.054
2010-03-30T00:00:00,310.689
2010-03-31T00:00:00,382.372
2010-04-01T00:00:00,408.897
2010-04-02T00:00:00,380.289
2010-04-03T00:00:00,361.488
2010-04-04T00:00:00,340.62
2010-04-05T00:00:00,337.018
2010-04-06T00:00:00,319.078
2010-04-07T00:00:00,321.41
2010-04-08T00:00:00,303.542
2010-04-09T00:00:00,294.603
2010-04-10T00:00:00,278.426
2010-04-11T00:00:00,271.333
2010-04-12T00:00:00,249.245
2010-04-13T00:00:00,257.48
2010-04-14T00:00:00,251.37
2010-04-15T00:00:00,230.411
2010-04-16T00:00:00,219.787
2010-04-17T00:00:00,226.423
2010-04-18T00:00:00,218.074
2010-04-19T00:00:00,208.721
2010-04-20T00:00:00,198.846
2010-04-21T00:00:00,197.647
2010-04-22T00:00:00,197.576
2010-04-23T00:00:00,184.099
2010-04-24T00:00:00,175.827
2010-04-25T00:00:00,177.352
2010-04-26T00:00:00,178.555
2010-04-27T00:00:00,163.918
2010-04-28T00:00:00,161.495
2010-04-29T00:00:00,160.971
2010-04-30T00:00:00,159.858
2010-05-01T00:00:00,154.23
2010-05-02T00:00:00,160.484
2010-05-03T00:00:00,153.118
2010-05-04T00:00:00,147.034
2010-05-05T00:00:00,147.194
2010-05-06T00:00:00,132.573
2010-05-07T00:00:00,131.362
2010-05-08T00:00:00,143.388
2010-05-09T00:00:00,151.915
2010-05-10T00:00:00,152.378
2010-05-11T00:00:00,162.251
2010-05-12T00:00:00,160.526
2010-05-13T00:00:00,160.794
2010-05-14T00:00:00,170.721
2010-05-15T00:00:00,166.136
2010-05-16T00:00:00,157.9
2010-05-17T00:00:00,144.15
2010-05-18T00:00:00,135.539
2010-05-19T00:00:00,128.573
2010-05-20T00:00:00,132.05
2010-05-21T00:00:00,122.225
2010-05-22T00:00:00,111.502
2010-05-23T00:00:00,114.101
2010-05-24T00:00:00,110.844
2010-05-25T00:00:00,103.598
2010-05-26T00:00:00,111.009
2010-05-27T00:00:00,133.031
2010-05-28T00:00:00,129.789
2010-05-29T00:00:00,120.141
2010-05-30T00:00:00,116.297
2010-05-31T00:00:00,117.227
2010-06-01T00:00:00,114.591
2010-06-02T00:00:00,122.729
2010-06-03T00:00:00,123.059
2010-06-04T00:00:00,116.541
2010-06-05T00:00:00,110.43
2010-06-06T00:00:00,106.822
2010-06-07T00:00:00,103.971
2010-06-08T00:00:00,95.356
2010-06-09T00:00:00,105.85
2010-06-10T00:00:00,108.001
2010-06-11T00:00:00,113.469
2010-06-12T00:00:00,167.549
2010-06-13T00:00:00,131.825
2010-06-14T00:00:00,126.058
2010-06-15T00:00:00,114.573
2010-06-16T00:00:00,108.248
2010-06-17T00:00:00,106.99
2010-06-18T00:00:00,110.863
2010-06-19T00:00:00,108.519
2010-06-20T00:00:00,107.011
2010-06-21T00:00:00,108.386
2010-06-22T00:00:00,105.551
2010-06-23T00:00:00,97.212
2010-06-24T00:00:00,95.313
2010-06-25T00:00:00,98.092
2010-06-26T00:00:00,97.014
2010-06-27T00:00:00,91.501
2010-06-28T00:00:00,97.906
2010-06-29T00:00:00,93.953
2010-06-30T00:00:00,82.633
2010-07-01T00:00:00,80.017
2010-07-02T00:00:00,78.893
2010-07-03T00:00:00,105.488
2010-07-04T00:00:00,92.58
2010-07-05T00:00:00,86.288
2010-07-06T00:00:00,85.865
2010-07-07T00:00:00,84.383
2010-07-08T00:00:00,83.975
2010-07-09T00:00:00,80.373
2010-07-10T00:00:00,76.853
2010-07-11T00:00:00,79.749
2010-07-12T00:00:00,127.278
2010-07-13T00:00:00,115.945
2010-07-14T00:00:00,151.253
2010-07-15T00:00:00,145.596
2010-07-16T00:00:00,114.11
2010-07-17T00:00:00,102.016
2010-07-18T00:00:00,95.912
2010-07-19T00:00:00,96.663
2010-07-20T00:00:00,90.549
2010-07-21T00:00:00,95.294
2010-07-22T00:00:00,91.996
2010-07-23T00:00:00,92.108
2010-07-24T00:00:00,95.229
2010-07-25T00:00:00,91.951
2010-07-26T00:00:00,94.565
2010-07-27T00:00:00,96.989
2010-07-28T00:00:00,94.063
2010-07-29T00:00:00,95.365
2010-07-30T00:00:00,94.513
2010-07-31T00:00:00,93.69
2010-08-01T00:00:00,93.117
2010-08-02T00:00:00,101.811
2010-08-03T00:00:00,101.612
2010-08-04T00:00:00,94.593
2010-08-05T00:00:00,98.579
2010-08-06T00:00:00,97.289
2010-08-07T00:00:00,94.696
2010-08-08T00:00:00,95.932
2010-08-09T00:00:00,96.248
2010-08-10T00:00:00,94.697
2010-08-11T00:00:00,97.55
2010-08-12T00:00:00,101.106
2010-08-13T00:00:00,95.863
2010-08-14T00:00:00,93.063
2010-08-15T00:00:00,117.013
2010-08-16T00:00:00,246.977
2010-08-17T00:00:00,230.843
2010-08-18T00:00:00,155.063
2010-08-19T00:00:00,162.735
2010-08-20T00:00:00,180.945
2010-08-21T00:00:00,170.285
2010-08-22T00:00:00,152.49
2010-08-23T00:00:00,142.497
2010-08-24T00:00:00,148.052
2010-08-25T00:00:00,144.168
2010-08-26T00:00:00,151.148
2010-08-27T00:00:00,154.99
2010-08-28T00:00:00,165.671
2010-08-29T00:00:00,157.33
2010-08-30T00:00:00,157.714
2010-08-31T00:00:00,151.601
2010-09-01T00:00:00,150.384
2010-09-02T00:00:00,147.098
2010-09-03T00:00:00,141.441
2010-09-04T00:00:00,131.922
2010-09-05T00:00:00,133.09
2010-09-06T00:00:00,131.608
2010-09-07T00:00:00,132.484
2010-09-08T00:00:00,170.047
2010-09-09T00:00:00,166.314
2010-09-10T00:00:00,157.008
2010-09-11T00:00:00,148.731
2010-09-12T00:00:00,146.031
2010-09-13T00:00:00,147.265
2010-09-14T00:00:00,145.674
2010-09-15T00:00:00,157.391
2010-09-16T00:00:00,151.44
2010-09-17T00:00:00,147.306
2010-09-18T00:00:00,144.652
2010-09-19T00:00:00,141.857
2010-09-20T00:00:00,139.679
2010-09-21T00:00:00,136.323
2010-09-22T00:00:00,128.726
2010-09-23T00:00:00,128.337
2010-09-24T00:00:00,160.965
2010-09-25T00:00:00,159.809
2010-09-26T00:00:00,183.05
2010-09-27T00:00:00,267.512
2010-09-28T00:00:00,236.398
2010-09-29T00:00:00,238.521
2010-09-30T00:00:00,234.816
2010-10-01T00:00:00,234.323
2010-10-02T00:00:00,231.937
2010-10-03T00:00:00,217.176
2010-10-04T00:00:00,222.5
2010-10-05T00:00:00,223.778
2010-10-06T00:00:00,211.627
2010-10-07T00:00:00,204.912
2010-10-08T00:00:00,201.959
2010-10-09T00:00:00,202.092
2010-10-10T00:00:00,210.633
2010-10-11T00:00:00,207.693
2010-10-12T00:00:00,179.252
2010-10-13T00:00:00,168.043
2010-10-14T00:00:00,161.437
2010-10-15T00:00:00,148.726
2010-10-16T00:00:00,143.094
2010-10-17T00:00:00,142.85
2010-10-18T00:00:00,152.134
2010-10-19T00:00:00,153.745
2010-10-20T00:00:00,161.383
2010-10-21T00:00:00,152.52
2010-10-22T00:00:00,131.951
2010-10-23T00:00:00,144.602
2010-10-24T00:00:00,157.688
2010-10-25T00:00:00,161.267
2010-10-26T00:00:00,162.093
2010-10-27T00:00:00,160.838
2010-10-28T00:00:00,160.376
2010-10-29T00:00:00,158.797
2010-10-30T00:00:00,173.217
2010-10-31T00:00:00,165.398
2010-11-01T00:00:00,159.039
2010-11-02T00:00:00,155.19
2010-11-03T00:00:00,153.242
2010-11-04T00:00:00,153.969
2010-11-05T00:00:00,148.496
2010-11-06T00:00:00,150.809
2010-11-07T00:00:00,183.789
2010-11-08T00:00:00,234.284
2010-11-09T00:00:00,295.036
2010-11-10T00:00:00,364.31
2010-11-11T00:00:00,337.769
2010-11-12T00:00:00,351.673
2010-11-13T00:00:00,410.157
2010-11-14T00:00:00,389.022
2010-11-15T00:00:00,404.557
2010-11-16T00:00:00,400.478
2010-11-17T00:00:00,417.717
2010-11-18T00:00:00,455.779
2010-11-19T00:00:00,406.182
2010-11-20T00:00:00,400.677
2010-11-21T00:00:00,394.675
2010-11-22T00:00:00,367.681
2010-11-23T00:00:00,341.679
2010-11-24T00:00:00,302.23
2010-11-25T00:00:00,307.119
2010-11-26T00:00:00,303.529
2010-11-27T00:00:00,304.368
2010-11-28T00:00:00,334.163
2010-11-29T00:00:00,353.804
2010-11-30T00:00:00,315.078
2010-12-01T00:00:00,318.441
2010-12-02T00:00:00,300.804
2010-12-03T00:00:00,284.648
2010-12-04T00:00:00,249.758
2010-12-05T00:00:00,238.075
2010-12-06T00:00:00,228.865
2010-12-07T00:00:00,289.874
2010-12-08T00:00:00,518.457
2010-12-09T00:00:00,704.036
2010-12-10T00:00:00,795.952
2010-12-11T00:00:00,869.41
2010-12-12T00:00:00,872.789
2010-12-13T00:00:00,739.966
2010-12-14T00:00:00,680.591
2010-12-15T00:00:00,632.427
2010-12-16T00:00:00,603.424
2010-12-17T00:00:00,589.353
2010-12-18T00:00:00,593.833
2010-12-19T00:00:00,619.25
2010-12-20T00:00:00,651.432
2010-12-21T00:00:00,752.008
2010-12-22T00:00:00,862.208
2010-12-23T00:00:00,949.72
2010-12-24T00:00:00,1031.075
2010-12-25T00:00:00,1075.541
2010-12-26T00:00:00,1084.855
2010-12-27T00:00:00,1101.058
2010-12-28T00:00:00,1111.026
2010-12-29T00:00:00,1000.618
2010-12-30T00:00:00,973.803
2010-12-31T00:00:00,987.953
2011-01-01T00:00:00,991.932
2011-01-02T00:00:00,931.805
2011-01-03T00:00:00,856.655
2011-01-04T00:00:00,799.778
2011-01-05T00:00:00,741.226
2011-01-06T00:00:00,775.057
2011-01-07T00:00:00,849.184
2011-01-08T00:00:00,905.872
2011-01-09T00:00:00,934.934
2011-01-10T00:00:00,929.071
2011-01-11T00:00:00,948.343
2011-01-12T00:00:00,946.51
2011-01-13T00:00:00,924.402
2011-01-14T00:00:00,938.911
2011-01-15T00:00:00,928.085
2011-01-16T00:00:00,885.529
2011-01-17T00:00:00,850.332
2011-01-18T00:00:00,834.417
2011-01-19T00:00:00,806.538
2011-01-20T00:00:00,791.413
2011-01-21T00:00:00,758.474
2011-01-22T00:00:00,718.164
2011-01-23T00:00:00,675.773
2011-01-24T00:00:00,602.998
2011-01-25T00:00:00,551.797
2011-01-26T00:00:00,536.374
2011-01-27T00:00:00,550.187
2011-01-28T00:00:00,526.749
2011-01-29T00:00:00,488.142
2011-01-30T00:00:00,474.122
2011-01-31T00:00:00,447.467
2011-02-01T00:00:00,410.405
2011-02-02T00:00:00,382.222
2011-02-03T00:00:00,364.248
2011-02-04T00:00:00,352.855
2011-02-05T00:00:00,345.899
2011-02-06T00:00:00,343.918
2011-02-07T00:00:00,323.592
2011-02-08T00:00:00,314.879
2011-02-09T00:00:00,309.181
2011-02-10T00:00:00,318.394
2011-02-11T00:00:00,314.356
2011-02-12T00:00:00,303.08
2011-02-13T00:00:00,284.697
2011-02-14T00:00:00,282.541
2011-02-15T00:00:00,283.6
2011-02-16T00:00:00,283.708
2011-02-17T00:00:00,286.995
2011-02-18T00:00:00,278.569
2011-02-19T00:00:00,275.569
2011-02-20T00:00:00,268.759
2011-02-21T00:00:00,267.235
2011-02-22T00:00:00,270.504
2011-02-23T00:00:00,248.99
2011-02-24T00:00:00,267.106
2011-02-25T00:00:00,269.538
2011-02-26T00:00:00,276.298
2011-02-27T00:00:00,281.818
2011-02-28T00:00:00,288.996
2011-03-01T00:00:00,290.344
2011-03-02T00:00:00,303.477
2011-03-03T00:00:00,299.895
2011-03-04T00:00:00,284.797
2011-03-05T00:00:00,267.318
2011-03-06T00:00:00,256.622
2011-03-07T00:00:00,249.092
2011-03-08T00:00:00,233.796
2011-03-09T00:00:00,234.535
2011-03-10T00:00:00,232.59
2011-03-11T00:00:00,220.093
2011-03-12T00:00:00,223.298
2011-03-13T00:00:00,216.989
2011-03-14T00:00:00,229.638
2011-03-15T00:00:00,231.343
2011-03-16T00:00:00,234.08
2011-03-17T00:00:00,249.186
2011-03-18T00:00:00,214.013
2011-03-19T00:00:00,214.515
2011-03-20T00:00:00,230.619
2011-03-21T00:00:00,230.322
2011-03-22T00:00:00,221.933
2011-03-23T00:00:00,213.692
2011-03-24T00:00:00,203.483
2011-03-25T00:00:00,208.113
2011-03-26T00:00:00,211.063
2011-03-27T00:00:00,213.107
2011-03-28T00:00:00,212.16
2011-03-29T00:00:00,213.607
2011-03-30T00:00:00,228.023
2011-03-31T00:00:00,229.02
2011-04-01T00:00:00,224.201
2011-04-02T00:00:00,217.62
2011-04-03T00:00:00,222.62
2011-04-04T00:00:00,224.117
2011-04-05T00:00:00,217.426
2011-04-06T00:00:00,212.611
2011-04-07T00:00:00,208.83
2011-04-08T00:00:00,200.252
2011-04-09T00:00:00,194.776
2011-04-10T00:00:00,190.192
2011-04-11T00:00:00,185.577
2011-04-12T00:00:00,179.162
2011-04-13T00:00:00,168.35
2011-04-14T00:00:00,170.839
2011-04-15T00:00:00,166.385
2011-04-16T00:00:00,166.926
2011-04-17T00:00:00,163.146
2011-04-18T00:00:00,160.609
2011-04-19T00:00:00,146.391
2011-04-20T00:00:00,148.834
2011-04-21T00:00:00,147.902
2011-04-22T00:00:00,141.316
2011-04-23T00:00:00,144.718
2011-04-24T00:00:00,143.439
2011-04-25T00:00:00,142.351
2011-04-26T00:00:00,145.666
2011-04-27T00:00:00,140.087
2011-04-28T00:00:00,132.336
2011-04-29T00:00:00,129.402
2011-04-30T00:00:00,136.615
2011-05-01T00:00:00,130.916
2011-05-02T00:00:00,132.453
2011-05-03T00:00:00,132.154
2011-05-04T00:00:00,125.84
2011-05-05T00:00:00,119.601
2011-05-06T00:00:00,102.852
2011-05-07T00:00:00,103.051
2011-05-08T00:00:00,108.712
2011-05-09T00:00:00,110.392
2011-05-10T00:00:00,104.101
2011-05-11T00:00:00,105.762
2011-05-12T00:00:00,102.114
2011-05-13T00:00:00,98.446
2011-05-14T00:00:00,102.244
2011-05-15T00:00:00,100.617
2011-05-16T00:00:00,100.045
2011-05-17T00:00:00,98.947
2011-05-18T00:00:00,97.184
2011-05-19T00:00:00,94.301
2011-05-20T00:00:00,92.629
2011-05-21T00:00:00,91.055
2011-05-22T00:00:00,88.473
2011-05-23T00:00:00,87.22
2011-05-24T00:00:00,80.968
2011-05-25T00:00:00,85.689
2011-05-26T00:00:00,82.341
2011-05-27T00:00:00,74.794
2011-05-28T00:00:00,65.763
2011-05-29T00:00:00,70.115
2011-05-30T00:00:00,75.187
2011-05-31T00:00:00,79.413
2011-06-01T00:00:00,93.971
2011-06-02T00:00:00,88.042
2011-06-03T00:00:00,83.625
2011-06-04T00:00:00,82.053
2011-06-05T00:00:00,117.027
2011-06-06T00:00:00,124.803
2011-06-07T00:00:00,120.603
2011-06-08T00:00:00,114.887
2011-06-09T00:00:00,100.593
2011-06-10T00:00:00,94.289
2011-06-11T00:00:00,89.228
2011-06-12T00:00:00,86.079
2011-06-13T00:00:00,90.774
2011-06-14T00:00:00,105.723
2011-06-15T00:00:00,90.332
2011-06-16T00:00:00,84.337
2011-06-17T00:00:00,82.3
2011-06-18T00:00:00,82.709
2011-06-19T00:00:00,80.136
2011-06-20T00:00:00,95.334
2011-06-21T00:00:00,106.063
2011-06-22T00:00:00,112.608
2011-06-23T00:00:00,103.558
2011-06-24T00:00:00,94.365
2011-06-25T00:00:00,89.943
2011-06-26T00:00:00,91.555
2011-06-27T00:00:00,88.658
2011-06-28T00:00:00,92.283
2011-06-29T00:00:00,82.455
2011-06-30T00:00:00,85.826
2011-07-01T00:00:00,83.63
2011-07-02T00:00:00,75.731
2011-07-03T00:00:00,72.36
2011-07-04T00:00:00,73.881
2011-07-05T00:00:00,75.823
2011-07-06T00:00:00,74.182
2011-07-07T00:00:00,75.089
2011-07-08T00:00:00,75.544
2011-07-09T00:00:00,71.796
2011-07-10T00:00:00,71.509
2011-07-11T00:00:00,73.29
2011-07-12T00:00:00,78.219
2011-07-13T00:00:00,77.555
2011-07-14T00:00:00,76.909
2011-07-15T00:00:00,83.233
2011-07-16T00:00:00,84.736
2011-07-17T00:00:00,112.803
2011-07-18T00:00:00,110.728
2011-07-19T00:00:00,198.136
2011-07-20T00:00:00,140.597
2011-07-21T00:00:00,157.658
2011-07-22T00:00:00,144.156
2011-07-23T00:00:00,123.419
2011-07-24T00:00:00,130.121
2011-07-25T00:00:00,122.049
2011-07-26T00:00:00,120.701
2011-07-27T00:00:00,118.846
2011-07-28T00:00:00,109.177
2011-07-29T00:00:00,115.268
2011-07-30T00:00:00,110.882
2011-07-31T00:00:00,109.142
2011-08-01T00:00:00,101.53
2011-08-02T00:00:00,98.345
2011-08-03T00:00:00,121.365
2011-08-04T00:00:00,106.877
2011-08-05T00:00:00,148.25
2011-08-06T00:00:00,132.948
2011-08-07T00:00:00,128.097
2011-08-08T00:00:00,128.115
2011-08-09T00:00:00,152.325
2011-08-10T00:00:00,122.41
2011-08-11T00:00:00,130.778
2011-08-12T00:00:00,123.399
2011-08-13T00:00:00,117.237
2011-08-14T00:00:00,127.336
2011-08-15T00:00:00,127.583
2011-08-16T00:00:00,121.894
2011-08-17T00:00:00,147.107
2011-08-18T00:00:00,129.115
2011-08-19T00:00:00,116.517
2011-08-20T00:00:00,109.679
2011-08-21T00:00:00,116.701
2011-08-22T00:00:00,122.804
2011-08-23T00:00:00,116.477
2011-08-24T00:00:00,113.695
2011-08-25T00:00:00,104.067
2011-08-26T00:00:00,179.381
2011-08-27T00:00:00,178.31
2011-08-28T00:00:00,141.103
2011-08-29T00:00:00,155.358
2011-08-30T00:00:00,152.302
2011-08-31T00:00:00,146.826
2011-09-01T00:00:00,129.407
2011-09-02T00:00:00,114.94
2011-09-03T00:00:00,152.712
2011-09-04T00:00:00,152.333
2011-09-05T00:00:00,139.465
2011-09-06T00:00:00,120.23
2011-09-07T00:00:00,124.549
2011-09-08T00:00:00,118.88
2011-09-09T00:00:00,106.992
2011-09-10T00:00:00,106.708
2011-09-11T00:00:00,114.981
2011-09-12T00:00:00,123.541
2011-09-13T00:00:00,118.746
2011-09-14T00:00:00,114.349
2011-09-15T00:00:00,115.129
2011-09-16T00:00:00,112.584
2011-09-17T00:00:00,111.407
2011-09-18T00:00:00,116.3
2011-09-19T00:00:00,120.663
2011-09-20T00:00:00,115.254
2011-09-21T00:00:00,112.658
2011-09-22T00:00:00,107.06
2011-09-23T00:00:00,107.825
2011-09-24T00:00:00,108.318
2011-09-25T00:00:00,109.185
2011-09-26T00:00:00,111.81
2011-09-27T00:00:00,109.556
2011-09-28T00:00:00,102.171
2011-09-29T00:00:00,90.679
2011-09-30T00:00:00,99.286
2011-10-01T00:00:00,97.147
2011-10-02T00:00:00,94.508
2011-10-03T00:00:00,95.893
2011-10-04T00:00:00,94.372
2011-10-05T00:00:00,94.211
2011-10-06T00:00:00,93.367
2011-10-07T00:00:00,96.13
2011-10-08T00:00:00,97.099
2011-10-09T00:00:00,104.219
2011-10-10T00:00:00,110.23
2011-10-11T00:00:00,110.026
2011-10-12T00:00:00,109.399
2011-10-13T00:00:00,112.799
2011-10-14T00:00:00,108.406
2011-10-15T00:00:00,107.892
2011-10-16T00:00:00,105.82
2011-10-17T00:00:00,103.016
2011-10-18T00:00:00,103.279
2011-10-19T00:00:00,120.92
2011-10-20T00:00:00,119.051
2011-10-21T00:00:00,110.133
2011-10-22T00:00:00,110.271
2011-10-23T00:00:00,108.969
2011-10-24T00:00:00,114.097
2011-10-25T00:00:00,129.649
2011-10-26T00:00:00,123.618
2011-10-27T00:00:00,131.469
2011-10-28T00:00:00,122.028
2011-10-29T00:00:00,118.99
2011-10-30T00:00:00,119.517
2011-10-31T00:00:00,118.55
2011-11-01T00:00:00,116.321
2011-11-02T00:00:00,118.138
2011-11-03T00:00:00,113.34
2011-11-04T00:00:00,125.309
2011-11-05T00:00:00,133.602
2011-11-06T00:00:00,130.651
2011-11-07T00:00:00,179.932
2011-11-08T00:00:00,200.683
2011-11-09T00:00:00,160.149
2011-11-10T00:00:00,157.0
2011-11-11T00:00:00,168.431
2011-11-12T00:00:00,154.651
2011-11-13T00:00:00,151.622
2011-11-14T00:00:00,146.42
2011-11-15T00:00:00,134.102
2011-11-16T00:00:00,126.957
2011-11-17T00:00:00,123.16
2011-11-18T00:00:00,117.028
2011-11-19T00:00:00,93.113
2011-11-20T00:00:00,95.767
2011-11-21T00:00:00,114.054
2011-11-22T00:00:00,108.073
2011-11-23T00:00:00,106.16
2011-11-24T00:00:00,102.679
2011-11-25T00:00:00,102.846
2011-11-26T00:00:00,100.897
2011-11-27T00:00:00,99.134
2011-11-28T00:00:00,98.944
2011-11-29T00:00:00,91.834
2011-11-30T00:00:00,85.067
2011-12-01T00:00:00,85.853
2011-12-02T00:00:00,84.867
2011-12-03T00:00:00,81.499
2011-12-04T00:00:00,90.424
2011-12-05T00:00:00,121.906
2011-12-06T00:00:00,142.309
2011-12-07T00:00:00,208.306
2011-12-08T00:00:00,182.743
2011-12-09T00:00:00,226.01
2011-12-10T00:00:00,231.552
2011-12-11T00:00:00,252.615
2011-12-12T00:00:00,340.085
2011-12-13T00:00:00,348.943
2011-12-14T00:00:00,371.674
2011-12-15T00:00:00,330.392
2011-12-16T00:00:00,482.1
2011-12-17T00:00:00,630.465
2011-12-18T00:00:00,704.515
2011-12-19T00:00:00,723.967
2011-12-20T00:00:00,721.469
2011-12-21T00:00:00,676.918
2011-12-22T00:00:00,672.869
2011-12-23T00:00:00,709.379
2011-12-24T00:00:00,726.551
2011-12-25T00:00:00,720.052
2011-12-26T00:00:00,675.597
2011-12-27T00:00:00,644.94
2011-12-28T00:00:00,608.456
2011-12-29T00:00:00,584.917
2011-12-30T00:00:00,591.376
2011-12-31T00:00:00,595.822
2012-01-01T00:00:00,640.007
2012-01-02T00:00:00,767.863
2012-01-03T00:00:00,818.525
2012-01-04T00:00:00,843.59
2012-01-05T00:00:00,912.852
2012-01-06T00:00:00,942.956
2012-01-07T00:00:00,980.786
2012-01-08T00:00:00,994.221
2012-01-09T00:00:00,1000.716
2012-01-10T00:00:00,949.692
2012-01-11T00:00:00,877.396
2012-01-12T00:00:00,829.994
2012-01-13T00:00:00,809.354
2012-01-14T00:00:00,780.799
2012-01-15T00:00:00,764.256
2012-01-16T00:00:00,728.936
2012-01-17T00:00:00,676.855
2012-01-18T00:00:00,604.456
2012-01-19T00:00:00,534.733
2012-01-20T00:00:00,525.287
2012-01-21T00:00:00,472.916
2012-01-22T00:00:00,476.963
2012-01-23T00:00:00,542.638
2012-01-24T00:00:00,564.664
2012-01-25T00:00:00,577.477
2012-01-26T00:00:00,581.779
2012-01-27T00:00:00,590.877
2012-01-28T00:00:00,600.709
2012-01-29T00:00:00,595.661
2012-01-30T00:00:00,553.514
2012-01-31T00:00:00,507.874
2012-02-01T00:00:00,452.309
2012-02-02T00:00:00,421.038
2012-02-03T00:00:00,387.038
2012-02-04T00:00:00,339.368
2012-02-05T00:00:00,337.882
2012-02-06T00:00:00,298.465
2012-02-07T00:00:00,280.819
2012-02-08T00:00:00,282.277
2012-02-09T00:00:00,272.387
2012-02-10T00:00:00,264.66
2012-02-11T00:00:00,253.399
2012-02-12T00:00:00,234.181
2012-02-13T00:00:00,221.108
2012-02-14T00:00:00,212.764
2012-02-15T00:00:00,223.365
2012-02-16T00:00:00,215.635
2012-02-17T00:00:00,218.689
2012-02-18T00:00:00,230.995
2012-02-19T00:00:00,246.073
2012-02-20T00:00:00,244.822
2012-02-21T00:00:00,242.383
2012-02-22T00:00:00,241.104
2012-02-23T00:00:00,238.955
2012-02-24T00:00:00,235.559
2012-02-25T00:00:00,230.042
2012-02-26T00:00:00,226.91
2012-02-27T00:00:00,231.896
2012-02-28T00:00:00,234.329
2012-02-29T00:00:00,229.65
2012-03-01T00:00:00,224.601
2012-03-02T00:00:00,211.116
2012-03-03T00:00:00,214.936
2012-03-04T00:00:00,205.17
2012-03-05T00:00:00,199.806
2012-03-06T00:00:00,206.597
2012-03-07T00:00:00,211.201
2012-03-08T00:00:00,231.653
2012-03-09T00:00:00,235.743
2012-03-10T00:00:00,229.02
2012-03-11T00:00:00,229.866
2012-03-12T00:00:00,228.788
2012-03-13T00:00:00,221.477
2012-03-14T00:00:00,216.927
2012-03-15T00:00:00,209.884
2012-03-16T00:00:00,204.793
2012-03-17T00:00:00,197.326
2012-03-18T00:00:00,195.965
2012-03-19T00:00:00,201.719
2012-03-20T00:00:00,203.031
2012-03-21T00:00:00,218.094
2012-03-22T00:00:00,219.8
2012-03-23T00:00:00,220.162
2012-03-24T00:00:00,214.819
2012-03-25T00:00:00,208.925
2012-03-26T00:00:00,183.658
2012-03-27T00:00:00,194.344
2012-03-28T00:00:00,190.587
2012-03-29T00:00:00,174.125
2012-03-30T00:00:00,181.406
2012-03-31T00:00:00,178.283
2012-04-01T00:00:00,175.056
2012-04-02T00:00:00,169.862
2012-04-03T00:00:00,166.792
2012-04-04T00:00:00,164.648
2012-04-05T00:00:00,156.507
2012-04-06T00:00:00,147.168
2012-04-07T00:00:00,156.488
2012-04-08T00:00:00,159.72
2012-04-09T00:00:00,157.698
2012-04-10T00:00:00,161.139
2012-04-11T00:00:00,163.24
2012-04-12T00:00:00,160.856
2012-04-13T00:00:00,154.127
2012-04-14T00:00:00,152.778
2012-04-15T00:00:00,151.971
2012-04-16T00:00:00,150.092
2012-04-17T00:00:00,142.858
2012-04-18T00:00:00,145.67
2012-04-19T00:00:00,158.608
2012-04-20T00:00:00,154.255
2012-04-21T00:00:00,154.725
2012-04-22T00:00:00,154.243
2012-04-23T00:00:00,180.389
2012-04-24T00:00:00,200.83
2012-04-25T00:00:00,244.113
2012-04-26T00:00:00,237.552
2012-04-27T00:00:00,345.46
2012-04-28T00:00:00,440.356
2012-04-29T00:00:00,469.838
2012-04-30T00:00:00,491.324
2012-05-01T00:00:00,474.37
2012-05-02T00:00:00,483.043
2012-05-03T00:00:00,429.168
2012-05-04T00:00:00,521.733
2012-05-05T00:00:00,618.677
2012-05-06T00:00:00,678.804
2012-05-07T00:00:00,679.672
2012-05-08T00:00:00,657.03
2012-05-09T00:00:00,615.746
2012-05-10T00:00:00,574.83
2012-05-11T00:00:00,554.288
2012-05-12T00:00:00,507.102
2012-05-13T00:00:00,492.412
2012-05-14T00:00:00,482.046
2012-05-15T00:00:00,439.632
2012-05-16T00:00:00,454.563
2012-05-17T00:00:00,419.851
2012-05-18T00:00:00,409.11
2012-05-19T00:00:00,398.783
2012-05-20T00:00:00,383.357
2012-05-21T00:00:00,400.369
2012-05-22T00:00:00,425.573
2012-05-23T00:00:00,513.448
2012-05-24T00:00:00,528.617
2012-05-25T00:00:00,529.413
2012-05-26T00:00:00,440.874
2012-05-27T00:00:00,419.951
2012-05-28T00:00:00,393.873
2012-05-29T00:00:00,347.569
2012-05-30T00:00:00,327.035
2012-05-31T00:00:00,303.701
2012-06-01T00:00:00,280.292
2012-06-02T00:00:00,249.878
2012-06-03T00:00:00,289.898
2012-06-04T00:00:00,266.645
2012-06-05T00:00:00,243.216
2012-06-06T00:00:00,236.182
2012-06-07T00:00:00,238.264
2012-06-08T00:00:00,240.892
2012-06-09T00:00:00,236.201
2012-06-10T00:00:00,221.278
2012-06-11T00:00:00,219.922
2012-06-12T00:00:00,217.119
2012-06-13T00:00:00,206.958
2012-06-14T00:00:00,192.528
2012-06-15T00:00:00,203.444
2012-06-16T00:00:00,217.212
2012-06-17T00:00:00,208.113
2012-06-18T00:00:00,231.688
2012-06-19T00:00:00,184.644
2012-06-20T00:00:00,211.646
2012-06-21T00:00:00,269.476
2012-06-22T00:00:00,266.653
2012-06-23T00:00:00,257.51
2012-06-24T00:00:00,237.355
2012-06-25T00:00:00,218.388
2012-06-26T00:00:00,189.103
2012-06-27T00:00:00,185.755
2012-06-28T00:00:00,181.118
2012-06-29T00:00:00,181.745
2012-06-30T00:00:00,175.266
2012-07-01T00:00:00,171.969
2012-07-02T00:00:00,168.639
2012-07-03T00:00:00,153.365
2012-07-04T00:00:00,163.569
2012-07-05T00:00:00,191.378
2012-07-06T00:00:00,220.578
2012-07-07T00:00:00,223.8
2012-07-08T00:00:00,276.24
2012-07-09T00:00:00,309.663
2012-07-10T00:00:00,189.069
2012-07-11T00:00:00,201.215
2012-07-12T00:00:00,196.292
2012-07-13T00:00:00,215.201
2012-07-14T00:00:00,265.736
2012-07-15T00:00:00,314.444
2012-07-16T00:00:00,256.767
2012-07-17T00:00:00,222.483
2012-07-18T00:00:00,216.635
2012-07-19T00:00:00,193.164
2012-07-20T00:00:00,176.378
2012-07-21T00:00:00,178.299
2012-07-22T00:00:00,176.269
2012-07-23T00:00:00,162.131
2012-07-24T00:00:00,157.444
2012-07-25T00:00:00,150.67
2012-07-26T00:00:00,143.236
2012-07-27T00:00:00,148.594
2012-07-28T00:00:00,144.149
2012-07-29T00:00:00,145.108
2012-07-30T00:00:00,146.177
2012-07-31T00:00:00,142.56
2012-08-01T00:00:00,144.427
2012-08-02T00:00:00,136.037
2012-08-03T00:00:00,136.34
2012-08-04T00:00:00,135.993
2012-08-05T00:00:00,136.722
2012-08-06T00:00:00,138.061
2012-08-07T00:00:00,133.712
2012-08-08T00:00:00,129.856
2012-08-09T00:00:00,130.392
2012-08-10T00:00:00,123.866
2012-08-11T00:00:00,124.134
2012-08-12T00:00:00,120.038
2012-08-13T00:00:00,121.608
2012-08-14T00:00:00,120.08
2012-08-15T00:00:00,117.088
2012-08-16T00:00:00,117.982
2012-08-17T00:00:00,116.132
2012-08-18T00:00:00,113.719
2012-08-19T00:00:00,113.333
2012-08-20T00:00:00,111.125
2012-08-21T00:00:00,110.263
2012-08-22T00:00:00,105.236
2012-08-23T00:00:00,101.443
2012-08-24T00:00:00,100.699
2012-08-25T00:00:00,103.491
2012-08-26T00:00:00,103.012
2012-08-27T00:00:00,102.268
2012-08-28T00:00:00,100.939
2012-08-29T00:00:00,102.208
2012-08-30T00:00:00,96.349
2012-08-31T00:00:00,93.115
2012-09-01T00:00:00,96.001
2012-09-02T00:00:00,96.913
2012-09-03T00:00:00,100.662
2012-09-04T00:00:00,101.639
2012-09-05T00:00:00,102.779
2012-09-06T00:00:00,101.282
2012-09-07T00:00:00,97.838
2012-09-08T00:00:00,97.276
2012-09-09T00:00:00,97.658
2012-09-10T00:00:00,96.851
2012-09-11T00:00:00,105.783
2012-09-12T00:00:00,107.837
2012-09-13T00:00:00,114.998
2012-09-14T00:00:00,112.137
2012-09-15T00:00:00,110.165
2012-09-16T00:00:00,108.118
2012-09-17T00:00:00,110.396
2012-09-18T00:00:00,106.133
2012-09-19T00:00:00,104.765
2012-09-20T00:00:00,95.715
2012-09-21T00:00:00,101.102
2012-09-22T00:00:00,107.245
2012-09-23T00:00:00,107.611
2012-09-24T00:00:00,138.597
2012-09-25T00:00:00,124.091
2012-09-26T00:00:00,138.667
2012-09-27T00:00:00,167.892
2012-09-28T00:00:00,133.83
2012-09-29T00:00:00,137.844
2012-09-30T00:00:00,133.594
2012-10-01T00:00:00,136.384
2012-10-02T00:00:00,135.366
2012-10-03T00:00:00,136.938
2012-10-04T00:00:00,154.474
2012-10-05T00:00:00,155.278
2012-10-06T00:00:00,144.189
2012-10-07T00:00:00,138.503
2012-10-08T00:00:00,141.142
2012-10-09T00:00:00,175.233
2012-10-10T00:00:00,189.604
2012-10-11T00:00:00,209.558
2012-10-12T00:00:00,239.581
2012-10-13T00:00:00,254.781
2012-10-14T00:00:00,281.128
2012-10-15T00:00:00,367.947
2012-10-16T00:00:00,430.248
2012-10-17T00:00:00,367.967
2012-10-18T00:00:00,355.363
2012-10-19T00:00:00,345.767
2012-10-20T00:00:00,346.414
2012-10-21T00:00:00,334.291
2012-10-22T00:00:00,275.427
2012-10-23T00:00:00,291.906
2012-10-24T00:00:00,260.493
2012-10-25T00:00:00,252.757
2012-10-26T00:00:00,229.531
2012-10-27T00:00:00,217.198
2012-10-28T00:00:00,218.788
2012-10-29T00:00:00,224.243
2012-10-30T00:00:00,238.606
2012-10-31T00:00:00,235.584
2012-11-01T00:00:00,233.014
2012-11-02T00:00:00,235.656
2012-11-03T00:00:00,246.722
2012-11-04T00:00:00,249.955
2012-11-05T00:00:00,366.884
2012-11-06T00:00:00,420.647
2012-11-07T00:00:00,451.964
2012-11-08T00:00:00,434.019
2012-11-09T00:00:00,406.941
2012-11-10T00:00:00,419.711
2012-11-11T00:00:00,428.203
2012-11-12T00:00:00,421.591
2012-11-13T00:00:00,418.032
2012-11-14T00:00:00,394.763
2012-11-15T00:00:00,374.105
2012-11-16T00:00:00,362.067
2012-11-17T00:00:00,351.549
2012-11-18T00:00:00,340.719
2012-11-19T00:00:00,315.858
2012-11-20T00:00:00,279.33
2012-11-21T00:00:00,288.337
2012-11-22T00:00:00,262.681
2012-11-23T00:00:00,245.814
2012-11-24T00:00:00,227.134
2012-11-25T00:00:00,221.938
2012-11-26T00:00:00,213.837
2012-11-27T00:00:00,202.446
2012-11-28T00:00:00,201.47
2012-11-29T00:00:00,192.601
2012-11-30T00:00:00,178.25
2012-12-01T00:00:00,186.535
2012-12-02T00:00:00,168.906
2012-12-03T00:00:00,167.019
2012-12-04T00:00:00,189.158
2012-12-05T00:00:00,265.866
2012-12-06T00:00:00,333.431
2012-12-07T00:00:00,314.269
2012-12-08T00:00:00,375.087
2012-12-09T00:00:00,338.819
2012-12-10T00:00:00,345.233
2012-12-11T00:00:00,343.531
2012-12-12T00:00:00,329.257
2012-12-13T00:00:00,331.556
2012-12-14T00:00:00,363.818
2012-12-15T00:00:00,377.021
2012-12-16T00:00:00,434.99
2012-12-17T00:00:00,480.498
2012-12-18T00:00:00,554.529
2012-12-19T00:00:00,577.124
2012-12-20T00:00:00,641.736
2012-12-21T00:00:00,677.097
2012-12-22T00:00:00,742.25
2012-12-23T00:00:00,795.406
2012-12-24T00:00:00,876.854
2012-12-25T00:00:00,845.667
2012-12-26T00:00:00,788.455
2012-12-27T00:00:00,752.976
2012-12-28T00:00:00,784.007
2012-12-29T00:00:00,844.712
2012-12-30T00:00:00,869.462
2012-12-31T00:00:00,852.153
2013-01-01T00:00:00,836.583
2013-01-02T00:00:00,859.785
2013-01-03T00:00:00,855.201
2013-01-04T00:00:00,839.243
2013-01-05T00:00:00,786.559
2013-01-06T00:00:00,779.391
2013-01-07T00:00:00,746.637
2013-01-08T00:00:00,718.069
2013-01-09T00:00:00,672.132
2013-01-10T00:00:00,631.606
2013-01-11T00:00:00,624.55
2013-01-12T00:00:00,641.657
2013-01-13T00:00:00,688.733
2013-01-14T00:00:00,645.403
2013-01-15T00:00:00,592.307
2013-01-16T00:00:00,563.268
2013-01-17T00:00:00,493.286
2013-01-18T00:00:00,460.344
2013-01-19T00:00:00,461.705
2013-01-20T00:00:00,447.552
2013-01-21T00:00:00,487.951
2013-01-22T00:00:00,556.167
2013-01-23T00:00:00,579.372
2013-01-24T00:00:00,585.639
2013-01-25T00:00:00,582.75
2013-01-26T00:00:00,560.726
2013-01-27T00:00:00,532.979
2013-01-28T00:00:00,579.83
2013-01-29T00:00:00,608.267
2013-01-30T00:00:00,632.527
2013-01-31T00:00:00,661.807
2013-02-01T00:00:00,714.983
2013-02-02T00:00:00,859.802
2013-02-03T00:00:00,1000.831
2013-02-04T00:00:00,1050.944
2013-02-05T00:00:00,1094.478
2013-02-06T00:00:00,1130.242
2013-02-07T00:00:00,1138.479
2013-02-08T00:00:00,1150.114
2013-02-09T00:00:00,1154.701
2013-02-10T00:00:00,1148.181
2013-02-11T00:00:00,1144.612
2013-02-12T00:00:00,1147.633
2013-02-13T00:00:00,1145.466
2013-02-14T00:00:00,1103.951
2013-02-15T00:00:00,1028.536
2013-02-16T00:00:00,977.104
2013-02-17T00:00:00,949.625
2013-02-18T00:00:00,906.641
2013-02-19T00:00:00,832.526
2013-02-20T00:00:00,784.182
2013-02-21T00:00:00,746.963
2013-02-22T00:00:00,698.521
2013-02-23T00:00:00,691.323
2013-02-24T00:00:00,667.271
2013-02-25T00:00:00,631.788
2013-02-26T00:00:00,606.757
2013-02-27T00:00:00,581.919
2013-02-28T00:00:00,544.14
2013-03-01T00:00:00,548.52
2013-03-02T00:00:00,536.44
2013-03-03T00:00:00,500.422
2013-03-04T00:00:00,478.965
2013-03-05T00:00:00,430.779
2013-03-06T00:00:00,415.635
2013-03-07T00:00:00,373.829
2013-03-08T00:00:00,383.878
2013-03-09T00:00:00,383.184
2013-03-10T00:00:00,391.854
2013-03-11T00:00:00,405.503
2013-03-12T00:00:00,501.722
2013-03-13T00:00:00,592.76
2013-03-14T00:00:00,572.204
2013-03-15T00:00:00,545.844
2013-03-16T00:00:00,493.895
2013-03-17T00:00:00,486.886
2013-03-18T00:00:00,491.536
2013-03-19T00:00:00,574.707
2013-03-20T00:00:00,662.898
2013-03-21T00:00:00,694.693
2013-03-22T00:00:00,691.028
2013-03-23T00:00:00,674.707
2013-03-24T00:00:00,644.943
2013-03-25T00:00:00,638.191
2013-03-26T00:00:00,618.021
2013-03-27T00:00:00,581.642
2013-03-28T00:00:00,555.675
2013-03-29T00:00:00,517.805
2013-03-30T00:00:00,466.705
2013-03-31T00:00:00,468.406
2013-04-01T00:00:00,428.365
2013-04-02T00:00:00,413.602
2013-04-03T00:00:00,382.335
2013-04-04T00:00:00,377.603
2013-04-05T00:00:00,356.852
2013-04-06T00:00:00,333.726
2013-04-07T00:00:00,334.062
2013-04-08T00:00:00,315.517
2013-04-09T00:00:00,321.881
2013-04-10T00:00:00,347.861
2013-04-11T00:00:00,428.929
2013-04-12T00:00:00,481.943
2013-04-13T00:00:00,651.436
2013-04-14T00:00:00,773.642
2013-04-15T00:00:00,746.622
2013-04-16T00:00:00,669.115
2013-04-17T00:00:00,613.028
2013-04-18T00:00:00,597.83
2013-04-19T00:00:00,570.067
2013-04-20T00:00:00,536.801
2013-04-21T00:00:00,468.132
2013-04-22T00:00:00,465.147
2013-04-23T00:00:00,431.648
2013-04-24T00:00:00,398.502
2013-04-25T00:00:00,378.4
2013-04-26T00:00:00,355.955
2013-04-27T00:00:00,370.785
2013-04-28T00:00:00,418.69
2013-04-29T00:00:00,469.902
2013-04-30T00:00:00,521.402
2013-05-01T00:00:00,568.722
2013-05-02T00:00:00,697.878
2013-05-03T00:00:00,821.743
2013-05-04T00:00:00,853.201
2013-05-05T00:00:00,897.76
2013-05-06T00:00:00,945.517
2013-05-07T00:00:00,959.396
2013-05-08T00:00:00,986.26
2013-05-09T00:00:00,931.399
2013-05-10T00:00:00,788.01
2013-05-11T00:00:00,765.233
2013-05-12T00:00:00,764.809
2013-05-13T00:00:00,769.524
2013-05-14T00:00:00,755.701
2013-05-15T00:00:00,728.729
2013-05-16T00:00:00,693.514
2013-05-17T00:00:00,706.674
2013-05-18T00:00:00,718.821
2013-05-19T00:00:00,694.262
2013-05-20T00:00:00,680.632
2013-05-21T00:00:00,772.106
2013-05-22T00:00:00,866.994
2013-05-23T00:00:00,908.887
2013-05-24T00:00:00,914.915
2013-05-25T00:00:00,922.264
2013-05-26T00:00:00,867.42
2013-05-27T00:00:00,858.872
2013-05-28T00:00:00,848.83
2013-05-29T00:00:00,811.177
2013-05-30T00:00:00,833.948
2013-05-31T00:00:00,849.088
2013-06-01T00:00:00,862.12
2013-06-02T00:00:00,827.054
2013-06-03T00:00:00,779.739
2013-06-04T00:00:00,717.139
2013-06-05T00:00:00,653.057
2013-06-06T00:00:00,627.248
2013-06-07T00:00:00,582.054
2013-06-08T00:00:00,576.872
2013-06-09T00:00:00,639.719
2013-06-10T00:00:00,605.715
2013-06-11T00:00:00,559.473
2013-06-12T00:00:00,512.742
2013-06-13T00:00:00,455.42
2013-06-14T00:00:00,437.906
2013-06-15T00:00:00,434.963
2013-06-16T00:00:00,411.858
2013-06-17T00:00:00,411.065
2013-06-18T00:00:00,362.152
2013-06-19T00:00:00,410.762
2013-06-20T00:00:00,498.795
2013-06-21T00:00:00,513.852
2013-06-22T00:00:00,508.717
2013-06-23T00:00:00,512.597
2013-06-24T00:00:00,500.729
2013-06-25T00:00:00,494.545
2013-06-26T00:00:00,438.726
2013-06-27T00:00:00,416.319
2013-06-28T00:00:00,396.962
2013-06-29T00:00:00,402.541
2013-06-30T00:00:00,387.681
2013-07-01T00:00:00,357.435
2013-07-02T00:00:00,341.992
2013-07-03T00:00:00,315.477
2013-07-04T00:00:00,306.836
2013-07-05T00:00:00,305.604
2013-07-06T00:00:00,326.545
2013-07-07T00:00:00,319.41
2013-07-08T00:00:00,305.605
2013-07-09T00:00:00,277.173
2013-07-10T00:00:00,253.448
2013-07-11T00:00:00,233.471
2013-07-12T00:00:00,242.407
2013-07-13T00:00:00,228.962
2013-07-14T00:00:00,227.601
2013-07-15T00:00:00,227.541
2013-07-16T00:00:00,217.397
2013-07-17T00:00:00,203.943
2013-07-18T00:00:00,200.524
2013-07-19T00:00:00,197.805
2013-07-20T00:00:00,194.718
2013-07-21T00:00:00,193.024
2013-07-22T00:00:00,191.67
2013-07-23T00:00:00,193.646
2013-07-24T00:00:00,192.5
2013-07-25T00:00:00,187.553
2013-07-26T00:00:00,216.12
2013-07-27T00:00:00,245.691
2013-07-28T00:00:00,220.506
2013-07-29T00:00:00,218.38
2013-07-30T00:00:00,192.468
2013-07-31T00:00:00,190.778
2013-08-01T00:00:00,188.365
2013-08-02T00:00:00,183.25
2013-08-03T00:00:00,180.847
2013-08-04T00:00:00,178.161
2013-08-05T00:00:00,172.808
2013-08-06T00:00:00,163.638
2013-08-07T00:00:00,186.243
2013-08-08T00:00:00,204.33
2013-08-09T00:00:00,194.365
2013-08-10T00:00:00,189.354
2013-08-11T00:00:00,185.983
2013-08-12T00:00:00,179.431
2013-08-13T00:00:00,178.17
2013-08-14T00:00:00,176.086
2013-08-15T00:00:00,171.22
2013-08-16T00:00:00,169.469
2013-08-17T00:00:00,167.47
2013-08-18T00:00:00,164.589
2013-08-19T00:00:00,164.955
2013-08-20T00:00:00,159.326
2013-08-21T00:00:00,155.135
2013-08-22T00:00:00,143.726
2013-08-23T00:00:00,153.642
2013-08-24T00:00:00,152.967
2013-08-25T00:00:00,185.148
2013-08-26T00:00:00,171.469
2013-08-27T00:00:00,173.661
2013-08-28T00:00:00,180.151
2013-08-29T00:00:00,164.635
2013-08-30T00:00:00,164.812
2013-08-31T00:00:00,166.889
2013-09-01T00:00:00,165.247
2013-09-02T00:00:00,174.719
2013-09-03T00:00:00,199.273
2013-09-04T00:00:00,165.257
2013-09-05T00:00:00,165.236
2013-09-06T00:00:00,173.37
2013-09-07T00:00:00,159.63
2013-09-08T00:00:00,162.259
2013-09-09T00:00:00,181.474
2013-09-10T00:00:00,166.42
2013-09-11T00:00:00,167.122
2013-09-12T00:00:00,164.888
2013-09-13T00:00:00,164.626
2013-09-14T00:00:00,180.104
2013-09-15T00:00:00,224.009
2013-09-16T00:00:00,220.9
2013-09-17T00:00:00,219.521
2013-09-18T00:00:00,230.66
2013-09-19T00:00:00,235.837
2013-09-20T00:00:00,235.865
2013-09-21T00:00:00,228.229
2013-09-22T00:00:00,242.295
2013-09-23T00:00:00,249.529
2013-09-24T00:00:00,233.905
2013-09-25T00:00:00,226.997
2013-09-26T00:00:00,216.149
2013-09-27T00:00:00,211.924
2013-09-28T00:00:00,210.035
2013-09-29T00:00:00,237.076
2013-09-30T00:00:00,230.34
2013-10-01T00:00:00,214.486
2013-10-02T00:00:00,213.587
2013-10-03T00:00:00,209.368
2013-10-04T00:00:00,208.222
2013-10-05T00:00:00,212.651
2013-10-06T00:00:00,262.641
2013-10-07T00:00:00,250.396
2013-10-08T00:00:00,297.747
2013-10-09T00:00:00,305.153
2013-10-10T00:00:00,303.536
2013-10-11T00:00:00,308.342
2013-10-12T00:00:00,312.896
2013-10-13T00:00:00,312.932
2013-10-14T00:00:00,341.752
2013-10-15T00:00:00,363.228
2013-10-16T00:00:00,411.458
2013-10-17T00:00:00,451.826
2013-10-18T00:00:00,465.06
2013-10-19T00:00:00,461.781
2013-10-20T00:00:00,442.402
2013-10-21T00:00:00,449.522
2013-10-22T00:00:00,476.479
2013-10-23T00:00:00,486.899
2013-10-24T00:00:00,536.885
2013-10-25T00:00:00,574.146
2013-10-26T00:00:00,556.951
2013-10-27T00:00:00,609.586
2013-10-28T00:00:00,646.605
2013-10-29T00:00:00,664.321
2013-10-30T00:00:00,648.585
2013-10-31T00:00:00,610.167
2013-11-01T00:00:00,612.941
2013-11-02T00:00:00,652.61
2013-11-03T00:00:00,665.876
2013-11-04T00:00:00,717.46
2013-11-05T00:00:00,781.602
2013-11-06T00:00:00,807.722
2013-11-07T00:00:00,839.103
2013-11-08T00:00:00,855.248
2013-11-09T00:00:00,866.062
2013-11-10T00:00:00,978.915
2013-11-11T00:00:00,1019.971
2013-11-12T00:00:00,1053.605
2013-11-13T00:00:00,1053.497
2013-11-14T00:00:00,1004.309
2013-11-15T00:00:00,927.481
2013-11-16T00:00:00,932.191
2013-11-17T00:00:00,928.712
2013-11-18T00:00:00,909.59
2013-11-19T00:00:00,877.526
2013-11-20T00:00:00,845.367
2013-11-21T00:00:00,835.067
2013-11-22T00:00:00,864.832
2013-11-23T00:00:00,874.412
2013-11-24T00:00:00,828.281
2013-11-25T00:00:00,799.244
2013-11-26T00:00:00,764.764
2013-11-27T00:00:00,733.476
2013-11-28T00:00:00,710.656
2013-11-29T00:00:00,693.049
2013-11-30T00:00:00,663.549
2013-12-01T00:00:00,665.753
2013-12-02T00:00:00,661.025
2013-12-03T00:00:00,638.065
2013-12-04T00:00:00,622.618
2013-12-05T00:00:00,595.84
2013-12-06T00:00:00,578.021
2013-12-07T00:00:00,558.572
2013-12-08T00:00:00,554.54
2013-12-09T00:00:00,540.955
2013-12-10T00:00:00,505.034
2013-12-11T00:00:00,469.176
2013-12-12T00:00:00,487.178
2013-12-13T00:00:00,473.099
2013-12-14T00:00:00,455.379
2013-12-15T00:00:00,437.296
2013-12-16T00:00:00,422.885
2013-12-17T00:00:00,380.49
2013-12-18T00:00:00,375.392
2013-12-19T00:00:00,360.832
2013-12-20T00:00:00,334.236
2013-12-21T00:00:00,334.321
2013-12-22T00:00:00,335.959
2013-12-23T00:00:00,347.948
2013-12-24T00:00:00,360.723
2013-12-25T00:00:00,498.538
2013-12-26T00:00:00,699.565
2013-12-27T00:00:00,684.575
2013-12-28T00:00:00,663.217
2013-12-29T00:00:00,641.178
2013-12-30T00:00:00,655.45
2013-12-31T00:00:00,639.552
2014-01-01T00:00:00,602.801
2014-01-02T00:00:00,567.384
2014-01-03T00:00:00,592.089
2014-01-04T00:00:00,629.477
2014-01-05T00:00:00,611.403
2014-01-06T00:00:00,624.013
2014-01-07T00:00:00,647.687
2014-01-08T00:00:00,642.454
2014-01-09T00:00:00,613.621
2014-01-10T00:00:00,590.212
2014-01-11T00:00:00,572.312
2014-01-12T00:00:00,545.563
2014-01-13T00:00:00,520.136
2014-01-14T00:00:00,494.084
2014-01-15T00:00:00,473.62
2014-01-16T00:00:00,501.501
2014-01-17T00:00:00,521.122
2014-01-18T00:00:00,519.639
2014-01-19T00:00:00,486.011
2014-01-20T00:00:00,451.257
2014-01-21T00:00:00,522.546
2014-01-22T00:00:00,629.959
2014-01-23T00:00:00,673.006
2014-01-24T00:00:00,668.191
2014-01-25T00:00:00,667.524
2014-01-26T00:00:00,669.206
2014-01-27T00:00:00,681.479
2014-01-28T00:00:00,754.47
2014-01-29T00:00:00,744.123
2014-01-30T00:00:00,715.592
2014-01-31T00:00:00,701.401
2014-02-01T00:00:00,703.899
2014-02-02T00:00:00,755.917
2014-02-03T00:00:00,740.766
2014-02-04T00:00:00,691.858
2014-02-05T00:00:00,652.535
2014-02-06T00:00:00,627.241
2014-02-07T00:00:00,646.725
2014-02-08T00:00:00,629.683
2014-02-09T00:00:00,601.687
2014-02-10T00:00:00,599.133
2014-02-11T00:00:00,586.688
2014-02-12T00:00:00,579.424
2014-02-13T00:00:00,623.964
2014-02-14T00:00:00,702.964
2014-02-15T00:00:00,784.116
2014-02-16T00:00:00,802.723
2014-02-17T00:00:00,780.458
2014-02-18T00:00:00,757.45
2014-02-19T00:00:00,710.957
2014-02-20T00:00:00,675.383
2014-02-21T00:00:00,650.009
2014-02-22T00:00:00,620.838
2014-02-23T00:00:00,658.379
2014-02-24T00:00:00,729.191
2014-02-25T00:00:00,733.299
2014-02-26T00:00:00,674.293
2014-02-27T00:00:00,627.482
2014-02-28T00:00:00,649.757
2014-03-01T00:00:00,770.732
2014-03-02T00:00:00,802.174
2014-03-03T00:00:00,818.855
2014-03-04T00:00:00,813.668
2014-03-05T00:00:00,752.292
2014-03-06T00:00:00,676.538
2014-03-07T00:00:00,625.545
2014-03-08T00:00:00,585.124
2014-03-09T00:00:00,557.135
2014-03-10T00:00:00,535.535
2014-03-11T00:00:00,494.451
2014-03-12T00:00:00,479.841
2014-03-13T00:00:00,445.566
2014-03-14T00:00:00,413.645
2014-03-15T00:00:00,394.014
2014-03-16T00:00:00,396.446
2014-03-17T00:00:00,391.677
2014-03-18T00:00:00,373.645
2014-03-19T00:00:00,356.597
2014-03-20T00:00:00,347.903
2014-03-21T00:00:00,341.128
2014-03-22T00:00:00,335.861
2014-03-23T00:00:00,325.875
2014-03-24T00:00:00,330.375
2014-03-25T00:00:00,336.999
2014-03-26T00:00:00,326.765
2014-03-27T00:00:00,310.719
2014-03-28T00:00:00,302.347
2014-03-29T00:00:00,293.024
2014-03-30T00:00:00,287.125
2014-03-31T00:00:00,270.281
2014-04-01T00:00:00,268.354
2014-04-02T00:00:00,267.684
2014-04-03T00:00:00,273.878
2014-04-04T00:00:00,258.462
2014-04-05T00:00:00,249.594
2014-04-06T00:00:00,249.214
2014-04-07T00:00:00,251.798
2014-04-08T00:00:00,232.245
2014-04-09T00:00:00,226.264
2014-04-10T00:00:00,227.024
2014-04-11T00:00:00,222.726
2014-04-12T00:00:00,213.653
2014-04-13T00:00:00,214.302
2014-04-14T00:00:00,211.809
2014-04-15T00:00:00,205.573
2014-04-16T00:00:00,196.868
2014-04-17T00:00:00,205.802
2014-04-18T00:00:00,196.656
2014-04-19T00:00:00,195.756
2014-04-20T00:00:00,195.172
2014-04-21T00:00:00,194.538
2014-04-22T00:00:00,202.289
2014-04-23T00:00:00,197.624
2014-04-24T00:00:00,186.035
2014-04-25T00:00:00,215.52
2014-04-26T00:00:00,202.495
2014-04-27T00:00:00,203.222
2014-04-28T00:00:00,199.042
2014-04-29T00:00:00,197.819
2014-04-30T00:00:00,248.528
2014-05-01T00:00:00,278.916
2014-05-02T00:00:00,293.109
2014-05-03T00:00:00,275.637
2014-05-04T00:00:00,237.328
2014-05-05T00:00:00,220.094
2014-05-06T00:00:00,198.785
2014-05-07T00:00:00,195.326
2014-05-08T00:00:00,192.167
2014-05-09T00:00:00,188.716
2014-05-10T00:00:00,187.715
2014-05-11T00:00:00,190.554
2014-05-12T00:00:00,187.991
2014-05-13T00:00:00,173.174
2014-05-14T00:00:00,173.153
2014-05-15T00:00:00,163.055
2014-05-16T00:00:00,168.955
2014-05-17T00:00:00,166.836
2014-05-18T00:00:00,160.487
2014-05-19T00:00:00,158.431
2014-05-20T00:00:00,161.315
2014-05-21T00:00:00,179.779
2014-05-22T00:00:00,188.413
2014-05-23T00:00:00,169.368
2014-05-24T00:00:00,177.201
2014-05-25T00:00:00,171.425
2014-05-26T00:00:00,175.657
2014-05-27T00:00:00,170.832
2014-05-28T00:00:00,166.722
2014-05-29T00:00:00,160.49
2014-05-30T00:00:00,159.094
2014-05-31T00:00:00,142.66
2014-06-01T00:00:00,137.076
2014-06-02T00:00:00,143.063
2014-06-03T00:00:00,132.885
2014-06-04T00:00:00,171.392
2014-06-05T00:00:00,154.354
2014-06-06T00:00:00,147.618
2014-06-07T00:00:00,133.08
2014-06-08T00:00:00,146.705
2014-06-09T00:00:00,148.704
2014-06-10T00:00:00,190.807
2014-06-11T00:00:00,168.266
2014-06-12T00:00:00,140.865
2014-06-13T00:00:00,124.554
2014-06-14T00:00:00,113.441
2014-06-15T00:00:00,112.556
2014-06-16T00:00:00,112.708
2014-06-17T00:00:00,106.975
2014-06-18T00:00:00,104.133
2014-06-19T00:00:00,100.958
2014-06-20T00:00:00,85.627
2014-06-21T00:00:00,88.445
2014-06-22T00:00:00,94.006
2014-06-23T00:00:00,98.079
2014-06-24T00:00:00,97.666
2014-06-25T00:00:00,95.022
2014-06-26T00:00:00,93.78
2014-06-27T00:00:00,96.574
2014-06-28T00:00:00,96.392
2014-06-29T00:00:00,113.512
2014-06-30T00:00:00,127.069
2014-07-01T00:00:00,118.671
2014-07-02T00:00:00,114.457
2014-07-03T00:00:00,108.612
2014-07-04T00:00:00,109.244
2014-07-05T00:00:00,114.047
2014-07-06T00:00:00,116.094
2014-07-07T00:00:00,120.99
2014-07-08T00:00:00,132.684
2014-07-09T00:00:00,143.587
2014-07-10T00:00:00,198.108
2014-07-11T00:00:00,236.958
2014-07-12T00:00:00,205.416
2014-07-13T00:00:00,215.27
2014-07-14T00:00:00,198.408
2014-07-15T00:00:00,183.76
2014-07-16T00:00:00,164.781
2014-07-17T00:00:00,157.524
2014-07-18T00:00:00,142.647
2014-07-19T00:00:00,134.488
2014-07-20T00:00:00,166.58
2014-07-21T00:00:00,184.903
2014-07-22T00:00:00,170.972
2014-07-23T00:00:00,154.778
2014-07-24T00:00:00,158.545
2014-07-25T00:00:00,155.677
2014-07-26T00:00:00,146.219
2014-07-27T00:00:00,135.229
2014-07-28T00:00:00,186.031
2014-07-29T00:00:00,187.867
2014-07-30T00:00:00,174.911
2014-07-31T00:00:00,156.138
2014-08-01T00:00:00,152.401
2014-08-02T00:00:00,150.639
2014-08-03T00:00:00,155.87
2014-08-04T00:00:00,163.234
2014-08-05T00:00:00,159.216
2014-08-06T00:00:00,182.008
2014-08-07T00:00:00,187.3
2014-08-08T00:00:00,183.398
2014-08-09T00:00:00,194.265
2014-08-10T00:00:00,218.95
2014-08-11T00:00:00,198.086
2014-08-12T00:00:00,205.372
2014-08-13T00:00:00,215.097
2014-08-14T00:00:00,328.552
2014-08-15T00:00:00,348.459
2014-08-16T00:00:00,349.234
2014-08-17T00:00:00,337.539
2014-08-18T00:00:00,293.443
2014-08-19T00:00:00,288.393
2014-08-20T00:00:00,261.279
2014-08-21T00:00:00,245.722
2014-08-22T00:00:00,234.91
2014-08-23T00:00:00,211.378
2014-08-24T00:00:00,222.024
2014-08-25T00:00:00,220.674
2014-08-26T00:00:00,257.174
2014-08-27T00:00:00,254.861
2014-08-28T00:00:00,241.802
2014-08-29T00:00:00,227.83
2014-08-30T00:00:00,224.243
2014-08-31T00:00:00,222.679
2014-09-01T00:00:00,210.957
2014-09-02T00:00:00,192.854
2014-09-03T00:00:00,195.874
2014-09-04T00:00:00,193.103
2014-09-05T00:00:00,187.283
2014-09-06T00:00:00,184.155
2014-09-07T00:00:00,180.346
2014-09-08T00:00:00,176.583
2014-09-09T00:00:00,176.015
2014-09-10T00:00:00,163.917
2014-09-11T00:00:00,151.224
2014-09-12T00:00:00,165.659
2014-09-13T00:00:00,157.654
2014-09-14T00:00:00,153.417
2014-09-15T00:00:00,158.583
2014-09-16T00:00:00,152.464
2014-09-17T00:00:00,152.569
2014-09-18T00:00:00,154.012
2014-09-19T00:00:00,153.741
2014-09-20T00:00:00,153.435
2014-09-21T00:00:00,161.549
2014-09-22T00:00:00,165.67
2014-09-23T00:00:00,162.358
2014-09-24T00:00:00,160.354
2014-09-25T00:00:00,158.094
2014-09-26T00:00:00,157.062
2014-09-27T00:00:00,157.413
2014-09-28T00:00:00,151.368
2014-09-29T00:00:00,151.237
2014-09-30T00:00:00,146.535
2014-10-01T00:00:00,148.406
2014-10-02T00:00:00,147.153
2014-10-03T00:00:00,149.343
2014-10-04T00:00:00,148.227
2014-10-05T00:00:00,151.661
2014-10-06T00:00:00,158.101
2014-10-07T00:00:00,189.868
2014-10-08T00:00:00,242.542
2014-10-09T00:00:00,291.785
2014-10-10T00:00:00,367.191
2014-10-11T00:00:00,346.385
2014-10-12T00:00:00,353.406
2014-10-13T00:00:00,340.498
2014-10-14T00:00:00,342.322
2014-10-15T00:00:00,367.17
2014-10-16T00:00:00,353.668
2014-10-17T00:00:00,378.181
2014-10-18T00:00:00,381.336
2014-10-19T00:00:00,428.44
2014-10-20T00:00:00,376.486
2014-10-21T00:00:00,383.285
2014-10-22T00:00:00,380.868
2014-10-23T00:00:00,362.649
2014-10-24T00:00:00,340.712
2014-10-25T00:00:00,336.479
2014-10-26T00:00:00,332.878
2014-10-27T00:00:00,325.514
2014-10-28T00:00:00,331.138
2014-10-29T00:00:00,301.188
2014-10-30T00:00:00,268.455
2014-10-31T00:00:00,249.924
2014-11-01T00:00:00,251.051
2014-11-02T00:00:00,234.391
2014-11-03T00:00:00,209.567
2014-11-04T00:00:00,252.033
2014-11-05T00:00:00,278.724
2014-11-06T00:00:00,386.479
2014-11-07T00:00:00,458.997
2014-11-08T00:00:00,500.036
2014-11-09T00:00:00,442.62
2014-11-10T00:00:00,438.299
2014-11-11T00:00:00,424.191
2014-11-12T00:00:00,426.785
2014-11-13T00:00:00,381.222
2014-11-14T00:00:00,354.563
2014-11-15T00:00:00,386.525
2014-11-16T00:00:00,395.502
2014-11-17T00:00:00,509.938
2014-11-18T00:00:00,478.858
2014-11-19T00:00:00,474.333
2014-11-20T00:00:00,472.833
2014-11-21T00:00:00,448.764
2014-11-22T00:00:00,416.84
2014-11-23T00:00:00,394.542
2014-11-24T00:00:00,348.856
2014-11-25T00:00:00,303.095
2014-11-26T00:00:00,323.576
2014-11-27T00:00:00,307.806
2014-11-28T00:00:00,292.104
2014-11-29T00:00:00,276.049
2014-11-30T00:00:00,274.337
2014-12-01T00:00:00,262.455
2014-12-02T00:00:00,213.708
2014-12-03T00:00:00,232.769
2014-12-04T00:00:00,236.8
2014-12-05T00:00:00,226.456
2014-12-06T00:00:00,217.667
2014-12-07T00:00:00,208.785
2014-12-08T00:00:00,202.785
2014-12-09T00:00:00,196.259
2014-12-10T00:00:00,201.06
2014-12-11T00:00:00,218.76
2014-12-12T00:00:00,210.617
2014-12-13T00:00:00,316.366
2014-12-14T00:00:00,399.32
2014-12-15T00:00:00,354.115
2014-12-16T00:00:00,281.987
2014-12-17T00:00:00,323.323
2014-12-18T00:00:00,452.225
2014-12-19T00:00:00,600.509
2014-12-20T00:00:00,662.425
2014-12-21T00:00:00,714.669
2014-12-22T00:00:00,673.873
2014-12-23T00:00:00,617.126
2014-12-24T00:00:00,586.255
2014-12-25T00:00:00,592.712
2014-12-26T00:00:00,570.969
2014-12-27T00:00:00,591.574
2014-12-28T00:00:00,630.513
2014-12-29T00:00:00,631.59
2014-12-30T00:00:00,576.098
2014-12-31T00:00:00,532.818
2015-01-01T00:00:00,529.938
2015-01-02T00:00:00,536.794
2015-01-03T00:00:00,511.472
2015-01-04T00:00:00,520.473
2015-01-05T00:00:00,546.671
2015-01-06T00:00:00,550.26
2015-01-07T00:00:00,552.751
2015-01-08T00:00:00,553.572
2015-01-09T00:00:00,556.615
2015-01-10T00:00:00,583.337
2015-01-11T00:00:00,614.538
2015-01-12T00:00:00,672.662
2015-01-13T00:00:00,669.243
2015-01-14T00:00:00,648.675
2015-01-15T00:00:00,661.948
2015-01-16T00:00:00,714.156
2015-01-17T00:00:00,754.347
2015-01-18T00:00:00,784.295
2015-01-19T00:00:00,777.902
2015-01-20T00:00:00,728.194
2015-01-21T00:00:00,699.401
2015-01-22T00:00:00,678.22
2015-01-23T00:00:00,677.861
2015-01-24T00:00:00,657.167
2015-01-25T00:00:00,628.533
2015-01-26T00:00:00,571.046
2015-01-27T00:00:00,548.438
2015-01-28T00:00:00,563.07
2015-01-29T00:00:00,605.896
2015-01-30T00:00:00,684.091
2015-01-31T00:00:00,814.066
2015-02-01T00:00:00,856.93
2015-02-02T00:00:00,906.721
2015-02-03T00:00:00,872.456
2015-02-04T00:00:00,824.617
2015-02-05T00:00:00,788.221
2015-02-06T00:00:00,740.147
2015-02-07T00:00:00,708.082
2015-02-08T00:00:00,681.85
2015-02-09T00:00:00,637.86
2015-02-10T00:00:00,575.307
2015-02-11T00:00:00,542.602
2015-02-12T00:00:00,537.096
2015-02-13T00:00:00,499.882
2015-02-14T00:00:00,479.903
2015-02-15T00:00:00,468.188
2015-02-16T00:00:00,448.474
2015-02-17T00:00:00,444.849
2015-02-18T00:00:00,419.465
2015-02-19T00:00:00,407.27
2015-02-20T00:00:00,378.088
2015-02-21T00:00:00,421.69
2015-02-22T00:00:00,487.266
2015-02-23T00:00:00,502.587
2015-02-24T00:00:00,606.049
2015-02-25T00:00:00,560.071
2015-02-26T00:00:00,523.275
2015-02-27T00:00:00,538.417
2015-02-28T00:00:00,614.256
2015-03-01T00:00:00,588.045
2015-03-02T00:00:00,594.223
2015-03-03T00:00:00,635.905
2015-03-04T00:00:00,632.264
2015-03-05T00:00:00,612.125
2015-03-06T00:00:00,603.628
2015-03-07T00:00:00,580.066
2015-03-08T00:00:00,563.759
2015-03-09T00:00:00,517.408
2015-03-10T00:00:00,499.889
2015-03-11T00:00:00,474.6
2015-03-12T00:00:00,439.195
2015-03-13T00:00:00,424.885
2015-03-14T00:00:00,415.258
2015-03-15T00:00:00,391.503
2015-03-16T00:00:00,362.239
2015-03-17T00:00:00,356.962
2015-03-18T00:00:00,347.49
2015-03-19T00:00:00,306.966
2015-03-20T00:00:00,303.556
2015-03-21T00:00:00,313.785
2015-03-22T00:00:00,301.846
2015-03-23T00:00:00,297.345
2015-03-24T00:00:00,287.702
2015-03-25T00:00:00,303.79
2015-03-26T00:00:00,315.475
2015-03-27T00:00:00,303.282
2015-03-28T00:00:00,289.602
2015-03-29T00:00:00,284.584
2015-03-30T00:00:00,321.823
2015-03-31T00:00:00,453.621
2015-04-01T00:00:00,525.753
2015-04-02T00:00:00,477.59
2015-04-03T00:00:00,475.921
2015-04-04T00:00:00,478.898
2015-04-05T00:00:00,507.219
2015-04-06T00:00:00,527.216
2015-04-07T00:00:00,485.389
2015-04-08T00:00:00,445.169
2015-04-09T00:00:00,413.291
2015-04-10T00:00:00,404.105
2015-04-11T00:00:00,396.332
2015-04-12T00:00:00,367.708
2015-04-13T00:00:00,356.847
2015-04-14T00:00:00,358.155
2015-04-15T00:00:00,327.314
2015-04-16T00:00:00,319.497
2015-04-17T00:00:00,323.331
2015-04-18T00:00:00,302.19
2015-04-19T00:00:00,302.971
2015-04-20T00:00:00,335.575
2015-04-21T00:00:00,290.159
2015-04-22T00:00:00,278.838
2015-04-23T00:00:00,263.863
2015-04-24T00:00:00,246.918
2015-04-25T00:00:00,256.284
2015-04-26T00:00:00,273.13
2015-04-27T00:00:00,277.895
2015-04-28T00:00:00,321.058
2015-04-29T00:00:00,398.635
2015-04-30T00:00:00,416.054
2015-05-01T00:00:00,445.046
2015-05-02T00:00:00,553.159
2015-05-03T00:00:00,728.263
2015-05-04T00:00:00,895.544
2015-05-05T00:00:00,996.035
2015-05-06T00:00:00,1049.444
2015-05-07T00:00:00,1048.863
2015-05-08T00:00:00,1002.525
2015-05-09T00:00:00,794.818
2015-05-10T00:00:00,693.464
2015-05-11T00:00:00,656.674
2015-05-12T00:00:00,614.196
2015-05-13T00:00:00,594.939
2015-05-14T00:00:00,532.049
2015-05-15T00:00:00,501.686
2015-05-16T00:00:00,468.972
2015-05-17T00:00:00,456.493
2015-05-18T00:00:00,438.4
2015-05-19T00:00:00,400.05
2015-05-20T00:00:00,372.93
2015-05-21T00:00:00,332.013
2015-05-22T00:00:00,289.669
2015-05-23T00:00:00,293.133
2015-05-24T00:00:00,288.659
2015-05-25T00:00:00,276.433
2015-05-26T00:00:00,259.628
2015-05-27T00:00:00,243.08
2015-05-28T00:00:00,219.697
2015-05-29T00:00:00,210.102
2015-05-30T00:00:00,219.016
2015-05-31T00:00:00,210.52
2015-06-01T00:00:00,211.781
2015-06-02T00:00:00,204.333
2015-06-03T00:00:00,197.366
2015-06-04T00:00:00,188.08
2015-06-05T00:00:00,160.222
2015-06-06T00:00:00,161.828
2015-06-07T00:00:00,167.621
2015-06-08T00:00:00,165.571
2015-06-09T00:00:00,160.671
2015-06-10T00:00:00,152.571
2015-06-11T00:00:00,149.38
2015-06-12T00:00:00,142.091
2015-06-13T00:00:00,140.626
2015-06-14T00:00:00,147.749
2015-06-15T00:00:00,144.633
2015-06-16T00:00:00,140.855
2015-06-17T00:00:00,148.859
2015-06-18T00:00:00,158.949
2015-06-19T00:00:00,145.827
2015-06-20T00:00:00,143.474
2015-06-21T00:00:00,137.675
2015-06-22T00:00:00,141.635
2015-06-23T00:00:00,145.094
2015-06-24T00:00:00,140.228
2015-06-25T00:00:00,129.247
2015-06-26T00:00:00,127.508
2015-06-27T00:00:00,122.279
2015-06-28T00:00:00,120.679
2015-06-29T00:00:00,119.838
2015-06-30T00:00:00,119.649
2015-07-01T00:00:00,107.562
2015-07-02T00:00:00,104.193
2015-07-03T00:00:00,109.903
2015-07-04T00:00:00,106.809
2015-07-05T00:00:00,112.075
2015-07-06T00:00:00,115.658
2015-07-07T00:00:00,109.188
2015-07-08T00:00:00,112.561
2015-07-09T00:00:00,99.665
2015-07-10T00:00:00,105.067
2015-07-11T00:00:00,104.979
2015-07-12T00:00:00,121.746
2015-07-13T00:00:00,116.212
2015-07-14T00:00:00,111.194
2015-07-15T00:00:00,112.597
2015-07-16T00:00:00,107.776
2015-07-17T00:00:00,104.985
2015-07-18T00:00:00,109.092
2015-07-19T00:00:00,136.262
2015-07-20T00:00:00,122.768
2015-07-21T00:00:00,120.351
2015-07-22T00:00:00,115.147
2015-07-23T00:00:00,120.703
2015-07-24T00:00:00,113.01
2015-07-25T00:00:00,108.78
2015-07-26T00:00:00,115.949
2015-07-27T00:00:00,117.928
2015-07-28T00:00:00,114.094
2015-07-29T00:00:00,113.234
2015-07-30T00:00:00,112.325
2015-07-31T00:00:00,106.548
2015-08-01T00:00:00,104.724
2015-08-02T00:00:00,105.586
2015-08-03T00:00:00,107.245
2015-08-04T00:00:00,115.177
2015-08-05T00:00:00,108.0
2015-08-06T00:00:00,103.497
2015-08-07T00:00:00,106.571
2015-08-08T00:00:00,108.045
2015-08-09T00:00:00,106.845
2015-08-10T00:00:00,110.426
2015-08-11T00:00:00,112.455
2015-08-12T00:00:00,116.045
2015-08-13T00:00:00,119.617
2015-08-14T00:00:00,125.297
2015-08-15T00:00:00,144.725
2015-08-16T00:00:00,130.462
2015-08-17T00:00:00,125.319
2015-08-18T00:00:00,123.406
2015-08-19T00:00:00,119.916
2015-08-20T00:00:00,127.042
2015-08-21T00:00:00,120.701
2015-08-22T00:00:00,119.71
2015-08-23T00:00:00,117.817
2015-08-24T00:00:00,128.32
2015-08-25T00:00:00,132.639
2015-08-26T00:00:00,119.802
2015-08-27T00:00:00,157.808
2015-08-28T00:00:00,176.101
2015-08-29T00:00:00,141.446
2015-08-30T00:00:00,129.845
2015-08-31T00:00:00,127.247
2015-09-01T00:00:00,134.803
2015-09-02T00:00:00,174.257
2015-09-03T00:00:00,152.997
2015-09-04T00:00:00,142.475
2015-09-05T00:00:00,132.922
2015-09-06T00:00:00,138.445
2015-09-07T00:00:00,135.173
2015-09-08T00:00:00,134.964
2015-09-09T00:00:00,136.531
2015-09-10T00:00:00,129.915
2015-09-11T00:00:00,130.107
2015-09-12T00:00:00,157.186
2015-09-13T00:00:00,156.782
2015-09-14T00:00:00,143.27
2015-09-15T00:00:00,141.367
2015-09-16T00:00:00,177.898
2015-09-17T00:00:00,183.871
2015-09-18T00:00:00,187.701
2015-09-19T00:00:00,187.579
2015-09-20T00:00:00,158.63
2015-09-21T00:00:00,163.726
2015-09-22T00:00:00,166.633
2015-09-23T00:00:00,170.386
2015-09-24T00:00:00,165.494
2015-09-25T00:00:00,141.771
2015-09-26T00:00:00,150.901
2015-09-27T00:00:00,151.951
2015-09-28T00:00:00,153.502
2015-09-29T00:00:00,140.06
2015-09-30T00:00:00,136.494
2015-10-01T00:00:00,131.702
2015-10-02T00:00:00,123.59
2015-10-03T00:00:00,123.956
2015-10-04T00:00:00,124.139
2015-10-05T00:00:00,147.407
2015-10-06T00:00:00,195.593
2015-10-07T00:00:00,173.164
2015-10-08T00:00:00,153.04
2015-10-09T00:00:00,155.063
2015-10-10T00:00:00,149.661
2015-10-11T00:00:00,142.467
2015-10-12T00:00:00,148.752
2015-10-13T00:00:00,146.433
2015-10-14T00:00:00,138.01
2015-10-15T00:00:00,147.364
2015-10-16T00:00:00,141.468
2015-10-17T00:00:00,153.473
2015-10-18T00:00:00,171.214
2015-10-19T00:00:00,178.356
2015-10-20T00:00:00,133.29
2015-10-21T00:00:00,142.887
2015-10-22T00:00:00,145.394
2015-10-23T00:00:00,143.109
2015-10-24T00:00:00,139.239
2015-10-25T00:00:00,139.538
2015-10-26T00:00:00,138.915
2015-10-27T00:00:00,136.242
2015-10-28T00:00:00,145.83
2015-10-29T00:00:00,142.968
2015-10-30T00:00:00,125.623
2015-10-31T00:00:00,120.749
2015-11-01T00:00:00,124.891
2015-11-02T00:00:00,125.229
2015-11-03T00:00:00,125.178
2015-11-04T00:00:00,122.979
2015-11-05T00:00:00,125.216
2015-11-06T00:00:00,120.338
2015-11-07T00:00:00,123.764
2015-11-08T00:00:00,117.108
2015-11-09T00:00:00,110.024
2015-11-10T00:00:00,112.841
2015-11-11T00:00:00,111.756
2015-11-12T00:00:00,120.514
2015-11-13T00:00:00,107.875
2015-11-14T00:00:00,101.303
2015-11-15T00:00:00,100.359
2015-11-16T00:00:00,106.557
2015-11-17T00:00:00,109.269
2015-11-18T00:00:00,105.993
2015-11-19T00:00:00,105.508
2015-11-20T00:00:00,175.916
2015-11-21T00:00:00,234.223
2015-11-22T00:00:00,259.344
2015-11-23T00:00:00,216.663
2015-11-24T00:00:00,289.009
2015-11-25T00:00:00,277.26
2015-11-26T00:00:00,269.899
2015-11-27T00:00:00,265.535
2015-11-28T00:00:00,260.369
2015-11-29T00:00:00,258.605
2015-11-30T00:00:00,258.91
2015-12-01T00:00:00,229.251
2015-12-02T00:00:00,230.167
2015-12-03T00:00:00,214.887
2015-12-04T00:00:00,179.234
2015-12-05T00:00:00,179.549
2015-12-06T00:00:00,175.983
2015-12-07T00:00:00,176.526
2015-12-08T00:00:00,168.166
2015-12-09T00:00:00,171.281
2015-12-10T00:00:00,156.191
2015-12-11T00:00:00,160.593
2015-12-12T00:00:00,156.598
2015-12-13T00:00:00,154.436
2015-12-14T00:00:00,147.223
2015-12-15T00:00:00,138.291
2015-12-16T00:00:00,165.789
2015-12-17T00:00:00,156.458
2015-12-18T00:00:00,155.757
2015-12-19T00:00:00,151.11
2015-12-20T00:00:00,146.875
2015-12-21T00:00:00,141.875
2015-12-22T00:00:00,136.375
2015-12-23T00:00:00,134.415
2015-12-24T00:00:00,140.816
2015-12-25T00:00:00,146.173
2015-12-26T00:00:00,146.618
2015-12-27T00:00:00,142.355
2015-12-28T00:00:00,139.879
2015-12-29T00:00:00,138.928
2015-12-30T00:00:00,137.38
2015-12-31T00:00:00,136.569
2016-01-01T00:00:00,135.952
2016-01-02T00:00:00,136.146
2016-01-03T00:00:00,142.052
2016-01-04T00:00:00,165.461
2016-01-05T00:00:00,178.415
2016-01-06T00:00:00,197.826
2016-01-07T00:00:00,239.79
2016-01-08T00:00:00,245.097
2016-01-09T00:00:00,278.029
2016-01-10T00:00:00,301.818
2016-01-11T00:00:00,297.213
2016-01-12T00:00:00,311.336
2016-01-13T00:00:00,317.17
2016-01-14T00:00:00,332.197
2016-01-15T00:00:00,341.851
2016-01-16T00:00:00,309.926
2016-01-17T00:00:00,303.343
2016-01-18T00:00:00,285.987
2016-01-19T00:00:00,271.93
2016-01-20T00:00:00,265.563
2016-01-21T00:00:00,238.48
2016-01-22T00:00:00,230.624
2016-01-23T00:00:00,225.11
2016-01-24T00:00:00,219.73
2016-01-25T00:00:00,209.854
2016-01-26T00:00:00,207.573
2016-01-27T00:00:00,209.473
2016-01-28T00:00:00,205.544
2016-01-29T00:00:00,203.592
2016-01-30T00:00:00,214.342
2016-01-31T00:00:00,281.611
2016-02-01T00:00:00,392.574
2016-02-02T00:00:00,468.147
2016-02-03T00:00:00,495.458
2016-02-04T00:00:00,450.498
2016-02-05T00:00:00,471.758
2016-02-06T00:00:00,476.021
2016-02-07T00:00:00,484.141
2016-02-08T00:00:00,491.957
2016-02-09T00:00:00,553.866
2016-02-10T00:00:00,661.029
2016-02-11T00:00:00,738.637
2016-02-12T00:00:00,746.387
2016-02-13T00:00:00,732.148
2016-02-14T00:00:00,803.923
2016-02-15T00:00:00,925.626
2016-02-16T00:00:00,940.485
2016-02-17T00:00:00,933.923
2016-02-18T00:00:00,877.451
2016-02-19T00:00:00,818.851
2016-02-20T00:00:00,792.322
2016-02-21T00:00:00,770.903
2016-02-22T00:00:00,743.753
2016-02-23T00:00:00,728.763
2016-02-24T00:00:00,713.888
2016-02-25T00:00:00,709.275
2016-02-26T00:00:00,723.315
2016-02-27T00:00:00,732.113
2016-02-28T00:00:00,699.96
2016-02-29T00:00:00,663.144
2016-03-01T00:00:00,624.576
2016-03-02T00:00:00,588.146
2016-03-03T00:00:00,564.543
2016-03-04T00:00:00,636.136
2016-03-05T00:00:00,757.956
2016-03-06T00:00:00,823.589
2016-03-07T00:00:00,824.656
2016-03-08T00:00:00,850.215
2016-03-09T00:00:00,841.114
2016-03-10T00:00:00,803.095
2016-03-11T00:00:00,787.833
2016-03-12T00:00:00,761.414
2016-03-13T00:00:00,738.134
2016-03-14T00:00:00,727.701
2016-03-15T00:00:00,710.361
2016-03-16T00:00:00,653.818
2016-03-17T00:00:00,585.669
2016-03-18T00:00:00,560.985
2016-03-19T00:00:00,522.153
2016-03-20T00:00:00,497.127
2016-03-21T00:00:00,451.24
2016-03-22T00:00:00,421.499
2016-03-23T00:00:00,385.534
2016-03-24T00:00:00,376.789
2016-03-25T00:00:00,333.731
2016-03-26T00:00:00,335.419
2016-03-27T00:00:00,355.68
2016-03-28T00:00:00,345.472
2016-03-29T00:00:00,340.256
2016-03-30T00:00:00,340.466
2016-03-31T00:00:00,396.339
2016-04-01T00:00:00,530.354
2016-04-02T00:00:00,575.698
2016-04-03T00:00:00,499.34
2016-04-04T00:00:00,485.873
2016-04-05T00:00:00,532.62
2016-04-06T00:00:00,603.296
2016-04-07T00:00:00,614.894
2016-04-08T00:00:00,659.559
2016-04-09T00:00:00,591.366
2016-04-10T00:00:00,576.587
2016-04-11T00:00:00,557.958
2016-04-12T00:00:00,541.723
2016-04-13T00:00:00,514.151
2016-04-14T00:00:00,484.425
2016-04-15T00:00:00,495.482
2016-04-16T00:00:00,481.063
2016-04-17T00:00:00,467.267
2016-04-18T00:00:00,536.656
2016-04-19T00:00:00,533.015
2016-04-20T00:00:00,583.901
2016-04-21T00:00:00,492.229
2016-04-22T00:00:00,473.601
2016-04-23T00:00:00,466.268
2016-04-24T00:00:00,445.152
2016-04-25T00:00:00,445.914
2016-04-26T00:00:00,425.59
2016-04-27T00:00:00,408.174
2016-04-28T00:00:00,356.168
2016-04-29T00:00:00,373.548
2016-04-30T00:00:00,354.62
2016-05-01T00:00:00,352.126
2016-05-02T00:00:00,350.683
2016-05-03T00:00:00,337.796
2016-05-04T00:00:00,320.508
2016-05-05T00:00:00,313.404
2016-05-06T00:00:00,293.351
2016-05-07T00:00:00,290.633
2016-05-08T00:00:00,281.628
2016-05-09T00:00:00,271.994
2016-05-10T00:00:00,283.262
2016-05-11T00:00:00,291.067
2016-05-12T00:00:00,297.248
2016-05-13T00:00:00,318.569
2016-05-14T00:00:00,440.022
2016-05-15T00:00:00,511.995
2016-05-16T00:00:00,491.147
2016-05-17T00:00:00,441.837
2016-05-18T00:00:00,413.212
2016-05-19T00:00:00,410.065
2016-05-20T00:00:00,380.639
2016-05-21T00:00:00,378.278
2016-05-22T00:00:00,433.143
2016-05-23T00:00:00,522.061
2016-05-24T00:00:00,561.896
2016-05-25T00:00:00,531.929
2016-05-26T00:00:00,434.251
2016-05-27T00:00:00,385.598
2016-05-28T00:00:00,373.005
2016-05-29T00:00:00,413.157
2016-05-30T00:00:00,642.423
2016-05-31T00:00:00,1058.187
2016-06-01T00:00:00,1253.124
2016-06-02T00:00:00,1482.884
2016-06-03T00:00:00,1739.596
2016-06-04T00:00:00,1745.481
2016-06-05T00:00:00,1614.499
2016-06-06T00:00:00,1450.283
2016-06-07T00:00:00,1271.282
2016-06-08T00:00:00,1077.61
2016-06-09T00:00:00,966.841
2016-06-10T00:00:00,911.651
2016-06-11T00:00:00,877.922
2016-06-12T00:00:00,847.961
2016-06-13T00:00:00,881.158
2016-06-14T00:00:00,922.506
2016-06-15T00:00:00,971.181
2016-06-16T00:00:00,999.114
2016-06-17T00:00:00,1006.54
2016-06-18T00:00:00,1025.42
2016-06-19T00:00:00,1001.845
2016-06-20T00:00:00,935.887
2016-06-21T00:00:00,900.395
2016-06-22T00:00:00,868.842
2016-06-23T00:00:00,818.352
2016-06-24T00:00:00,720.714
2016-06-25T00:00:00,681.607
2016-06-26T00:00:00,688.177
2016-06-27T00:00:00,701.717
2016-06-28T00:00:00,655.738
2016-06-29T00:00:00,623.852
2016-06-30T00:00:00,547.257
2016-07-01T00:00:00,524.954
2016-07-02T00:00:00,494.524
2016-07-03T00:00:00,455.166
2016-07-04T00:00:00,441.849
2016-07-05T00:00:00,408.028
2016-07-06T00:00:00,370.123
2016-07-07T00:00:00,362.631
2016-07-08T00:00:00,343.988
2016-07-09T00:00:00,327.843
2016-07-10T00:00:00,325.298
2016-07-11T00:00:00,326.494
2016-07-12T00:00:00,304.893
2016-07-13T00:00:00,329.224
2016-07-14T00:00:00,298.895
2016-07-15T00:00:00,320.074
2016-07-16T00:00:00,317.383
2016-07-17T00:00:00,308.013
2016-07-18T00:00:00,304.566
2016-07-19T00:00:00,282.721
2016-07-20T00:00:00,277.506
2016-07-21T00:00:00,266.321
2016-07-22T00:00:00,256.22
2016-07-23T00:00:00,258.627
2016-07-24T00:00:00,271.801
2016-07-25T00:00:00,273.485
2016-07-26T00:00:00,271.451
2016-07-27T00:00:00,259.949
2016-07-28T00:00:00,257.959
2016-07-29T00:00:00,256.576
2016-07-30T00:00:00,251.058
2016-07-31T00:00:00,251.647
2016-08-01T00:00:00,253.192
2016-08-02T00:00:00,255.083
2016-08-03T00:00:00,251.508
2016-08-04T00:00:00,255.056
2016-08-05T00:00:00,251.547
2016-08-06T00:00:00,249.266
2016-08-07T00:00:00,245.084
2016-08-08T00:00:00,243.352
2016-08-09T00:00:00,239.173
2016-08-10T00:00:00,234.291
2016-08-11T00:00:00,225.724
2016-08-12T00:00:00,226.327
2016-08-13T00:00:00,228.138
2016-08-14T00:00:00,225.947
2016-08-15T00:00:00,222.487
2016-08-16T00:00:00,219.791
2016-08-17T00:00:00,203.659
2016-08-18T00:00:00,238.827
2016-08-19T00:00:00,220.237
2016-08-20T00:00:00,206.244
2016-08-21T00:00:00,211.234
2016-08-22T00:00:00,211.172
2016-08-23T00:00:00,208.392
2016-08-24T00:00:00,206.829
2016-08-25T00:00:00,203.874
2016-08-26T00:00:00,199.834
2016-08-27T00:00:00,198.422
2016-08-28T00:00:00,193.745
2016-08-29T00:00:00,192.04
2016-08-30T00:00:00,187.304
2016-08-31T00:00:00,182.851
2016-09-01T00:00:00,181.849
2016-09-02T00:00:00,176.764
2016-09-03T00:00:00,178.68
2016-09-04T00:00:00,176.822
2016-09-05T00:00:00,181.648
2016-09-06T00:00:00,190.135
2016-09-07T00:00:00,186.439
2016-09-08T00:00:00,182.52
2016-09-09T00:00:00,178.519
2016-09-10T00:00:00,171.45
2016-09-11T00:00:00,173.442
2016-09-12T00:00:00,192.712
2016-09-13T00:00:00,195.674
2016-09-14T00:00:00,171.56
2016-09-15T00:00:00,207.966
2016-09-16T00:00:00,195.95
2016-09-17T00:00:00,197.637
2016-09-18T00:00:00,190.115
2016-09-19T00:00:00,195.466
2016-09-20T00:00:00,194.781
2016-09-21T00:00:00,198.339
2016-09-22T00:00:00,197.278
2016-09-23T00:00:00,195.239
2016-09-24T00:00:00,190.071
2016-09-25T00:00:00,189.341
2016-09-26T00:00:00,184.141
2016-09-27T00:00:00,171.572
2016-09-28T00:00:00,171.881
2016-09-29T00:00:00,170.597
2016-09-30T00:00:00,167.708
2016-10-01T00:00:00,176.483
2016-10-02T00:00:00,201.479
2016-10-03T00:00:00,180.936
2016-10-04T00:00:00,184.585
2016-10-05T00:00:00,183.184
2016-10-06T00:00:00,158.988
2016-10-07T00:00:00,166.926
2016-10-08T00:00:00,151.862
2016-10-09T00:00:00,153.027
2016-10-10T00:00:00,174.062
2016-10-11T00:00:00,166.081
2016-10-12T00:00:00,169.694
2016-10-13T00:00:00,170.153
2016-10-14T00:00:00,175.437
2016-10-15T00:00:00,184.651
2016-10-16T00:00:00,181.502
2016-10-17T00:00:00,176.859
2016-10-18T00:00:00,178.471
2016-10-19T00:00:00,177.915
2016-10-20T00:00:00,178.564
2016-10-21T00:00:00,177.383
2016-10-22T00:00:00,177.013
2016-10-23T00:00:00,180.002
2016-10-24T00:00:00,195.912
2016-10-25T00:00:00,223.583
2016-10-26T00:00:00,196.027
2016-10-27T00:00:00,198.858
2016-10-28T00:00:00,205.309
2016-10-29T00:00:00,189.848
2016-10-30T00:00:00,222.806
2016-10-31T00:00:00,233.549
2016-11-01T00:00:00,242.643
2016-11-02T00:00:00,208.977
2016-11-03T00:00:00,208.092
2016-11-04T00:00:00,169.439
2016-11-05T00:00:00,204.595
2016-11-06T00:00:00,192.224
2016-11-07T00:00:00,199.986
2016-11-08T00:00:00,207.078
2016-11-09T00:00:00,223.487
2016-11-10T00:00:00,226.914
2016-11-11T00:00:00,232.671
2016-11-12T00:00:00,239.857
2016-11-13T00:00:00,270.516
2016-11-14T00:00:00,271.083
2016-11-15T00:00:00,285.56
2016-11-16T00:00:00,278.485
2016-11-17T00:00:00,259.465
2016-11-18T00:00:00,251.368
2016-11-19T00:00:00,251.894
2016-11-20T00:00:00,269.304
2016-11-21T00:00:00,288.283
2016-11-22T00:00:00,307.41
2016-11-23T00:00:00,374.756
2016-11-24T00:00:00,454.248
2016-11-25T00:00:00,521.005
2016-11-26T00:00:00,556.733
2016-11-27T00:00:00,463.546
2016-11-28T00:00:00,416.108
2016-11-29T00:00:00,366.985
2016-11-30T00:00:00,344.257
2016-12-01T00:00:00,290.154
2016-12-02T00:00:00,290.107
2016-12-03T00:00:00,272.407
2016-12-04T00:00:00,263.112
2016-12-05T00:00:00,233.868
2016-12-06T00:00:00,226.198
2016-12-07T00:00:00,224.61
2016-12-08T00:00:00,208.136
2016-12-09T00:00:00,200.329
2016-12-10T00:00:00,196.938
2016-12-11T00:00:00,192.742
2016-12-12T00:00:00,191.735
2016-12-13T00:00:00,187.157
2016-12-14T00:00:00,187.023
2016-12-15T00:00:00,169.579
2016-12-16T00:00:00,170.29
2016-12-17T00:00:00,177.066
2016-12-18T00:00:00,171.682
2016-12-19T00:00:00,170.969
2016-12-20T00:00:00,167.077
2016-12-21T00:00:00,163.042
2016-12-22T00:00:00,192.941
2016-12-23T00:00:00,177.027
2016-12-24T00:00:00,171.19
2016-12-25T00:00:00,174.389
2016-12-26T00:00:00,175.702
2016-12-27T00:00:00,173.611
2016-12-28T00:00:00,165.049
2016-12-29T00:00:00,161.706
2016-12-30T00:00:00,158.857
2016-12-31T00:00:00,154.309
2017-01-01T00:00:00,157.147
2017-01-02T00:00:00,156.626
2017-01-03T00:00:00,145.707
2017-01-04T00:00:00,152.313
2017-01-05T00:00:00,148.551
2017-01-06T00:00:00,141.797
2017-01-07T00:00:00,143.815
2017-01-08T00:00:00,145.351
2017-01-09T00:00:00,147.802
2017-01-10T00:00:00,163.567
2017-01-11T00:00:00,163.956
2017-01-12T00:00:00,173.333
2017-01-13T00:00:00,221.592
2017-01-14T00:00:00,203.66
2017-01-15T00:00:00,218.741
2017-01-16T00:00:00,232.506
2017-01-17T00:00:00,222.568
2017-01-18T00:00:00,224.825
2017-01-19T00:00:00,212.793
2017-01-20T00:00:00,195.93
2017-01-21T00:00:00,185.819
2017-01-22T00:00:00,180.406
2017-01-23T00:00:00,174.813
2017-01-24T00:00:00,158.805
2017-01-25T00:00:00,164.179
2017-01-26T00:00:00,164.299
2017-01-27T00:00:00,162.305
2017-01-28T00:00:00,168.035
2017-01-29T00:00:00,165.587
2017-01-30T00:00:00,162.45
2017-01-31T00:00:00,175.222
2017-02-01T00:00:00,184.766
2017-02-02T00:00:00,224.904
2017-02-03T00:00:00,239.614
2017-02-04T00:00:00,269.763
2017-02-05T00:00:00,274.931
2017-02-06T00:00:00,335.185
2017-02-07T00:00:00,352.61
2017-02-08T00:00:00,334.573
2017-02-09T00:00:00,323.111
2017-02-10T00:00:00,300.104
2017-02-11T00:00:00,297.418
2017-02-12T00:00:00,286.45
2017-02-13T00:00:00,273.391
2017-02-14T00:00:00,251.63
2017-02-15T00:00:00,270.22
2017-02-16T00:00:00,254.525
2017-02-17T00:00:00,252.867
2017-02-18T00:00:00,241.119
2017-02-19T00:00:00,239.552
2017-02-20T00:00:00,235.583
2017-02-21T00:00:00,219.001
2017-02-22T00:00:00,226.457
2017-02-23T00:00:00,217.485
2017-02-24T00:00:00,207.12
2017-02-25T00:00:00,207.116
2017-02-26T00:00:00,208.646
2017-02-27T00:00:00,215.588
2017-02-28T00:00:00,221.916
2017-03-01T00:00:00,234.649
2017-03-02T00:00:00,331.424
2017-03-03T00:00:00,425.079
2017-03-04T00:00:00,462.278
2017-03-05T00:00:00,504.472
2017-03-06T00:00:00,643.25
2017-03-07T00:00:00,725.596
2017-03-08T00:00:00,720.89
2017-03-09T00:00:00,706.574
2017-03-10T00:00:00,686.838
2017-03-11T00:00:00,629.438
2017-03-12T00:00:00,614.029
2017-03-13T00:00:00,588.502
2017-03-14T00:00:00,561.722
2017-03-15T00:00:00,556.355
2017-03-16T00:00:00,528.441
2017-03-17T00:00:00,510.984
2017-03-18T00:00:00,483.834
2017-03-19T00:00:00,479.45
2017-03-20T00:00:00,446.105
2017-03-21T00:00:00,448.774
2017-03-22T00:00:00,446.757
2017-03-23T00:00:00,449.81
2017-03-24T00:00:00,499.529
2017-03-25T00:00:00,491.187
2017-03-26T00:00:00,487.673
2017-03-27T00:00:00,454.889
2017-03-28T00:00:00,419.527
2017-03-29T00:00:00,394.443
2017-03-30T00:00:00,373.902
2017-03-31T00:00:00,350.005
2017-04-01T00:00:00,326.297
2017-04-02T00:00:00,341.114
2017-04-03T00:00:00,330.301
2017-04-04T00:00:00,313.299
2017-04-05T00:00:00,312.321
2017-04-06T00:00:00,287.171
2017-04-07T00:00:00,246.752
2017-04-08T00:00:00,266.988
2017-04-09T00:00:00,254.646
2017-04-10T00:00:00,252.12
2017-04-11T00:00:00,231.267
2017-04-12T00:00:00,224.455
2017-04-13T00:00:00,215.369
2017-04-14T00:00:00,210.48
2017-04-15T00:00:00,207.411
2017-04-16T00:00:00,203.83
2017-04-17T00:00:00,206.545
2017-04-18T00:00:00,199.354
2017-04-19T00:00:00,185.424
2017-04-20T00:00:00,181.531
2017-04-21T00:00:00,169.166
2017-04-22T00:00:00,172.925
2017-04-23T00:00:00,168.302
2017-04-24T00:00:00,165.986
2017-04-25T00:00:00,165.78
2017-04-26T00:00:00,164.98
2017-04-27T00:00:00,165.189
2017-04-28T00:00:00,152.997
2017-04-29T00:00:00,149.986
2017-04-30T00:00:00,162.434
2017-05-01T00:00:00,177.202
2017-05-02T00:00:00,162.301
2017-05-03T00:00:00,168.109
2017-05-04T00:00:00,170.233
2017-05-05T00:00:00,169.003
2017-05-06T00:00:00,166.004
2017-05-07T00:00:00,172.894
2017-05-08T00:00:00,174.994
2017-05-09T00:00:00,169.429
2017-05-10T00:00:00,171.228
2017-05-11T00:00:00,177.634
2017-05-12T00:00:00,154.819
2017-05-13T00:00:00,170.685
2017-05-14T00:00:00,159.1
2017-05-15T00:00:00,158.871
2017-05-16T00:00:00,157.755
2017-05-17T00:00:00,154.776
2017-05-18T00:00:00,170.5
2017-05-19T00:00:00,185.982
2017-05-20T00:00:00,170.837
2017-05-21T00:00:00,160.963
2017-05-22T00:00:00,149.449
2017-05-23T00:00:00,138.126
2017-05-24T00:00:00,131.968
2017-05-25T00:00:00,127.618
2017-05-26T00:00:00,130.664
2017-05-27T00:00:00,121.369
2017-05-28T00:00:00,118.481
2017-05-29T00:00:00,113.527
2017-05-30T00:00:00,111.92
2017-05-31T00:00:00,118.425
2017-06-01T00:00:00,109.052
2017-06-02T00:00:00,110.795
2017-06-03T00:00:00,123.892
2017-06-04T00:00:00,138.937
2017-06-05T00:00:00,140.277
2017-06-06T00:00:00,140.914
2017-06-07T00:00:00,136.699
2017-06-08T00:00:00,133.23
2017-06-09T00:00:00,151.893
2017-06-10T00:00:00,134.506
2017-06-11T00:00:00,126.281
2017-06-12T00:00:00,118.863
2017-06-13T00:00:00,100.972
2017-06-14T00:00:00,107.201
2017-06-15T00:00:00,95.243
2017-06-16T00:00:00,87.951
2017-06-17T00:00:00,90.902
2017-06-18T00:00:00,91.091
2017-06-19T00:00:00,92.623
2017-06-20T00:00:00,90.885
2017-06-21T00:00:00,85.881
2017-06-22T00:00:00,83.96
2017-06-23T00:00:00,81.753
2017-06-24T00:00:00,81.401
2017-06-25T00:00:00,72.489
2017-06-26T00:00:00,80.592
2017-06-27T00:00:00,96.192
2017-06-28T00:00:00,119.229
2017-06-29T00:00:00,128.873
2017-06-30T00:00:00,116.315
2017-07-01T00:00:00,126.51
2017-07-02T00:00:00,130.048
2017-07-03T00:00:00,124.709
2017-07-04T00:00:00,116.897
2017-07-05T00:00:00,112.602
2017-07-06T00:00:00,109.815
2017-07-07T00:00:00,109.448
2017-07-08T00:00:00,102.514
2017-07-09T00:00:00,117.231
2017-07-10T00:00:00,168.744
2017-07-11T00:00:00,122.321
2017-07-12T00:00:00,114.102
2017-07-13T00:00:00,114.131
2017-07-14T00:00:00,114.062
2017-07-15T00:00:00,114.429
2017-07-16T00:00:00,108.652
2017-07-17T00:00:00,105.447
2017-07-18T00:00:00,106.4
2017-07-19T00:00:00,102.928
2017-07-20T00:00:00,99.611
2017-07-21T00:00:00,99.591
2017-07-22T00:00:00,100.399
2017-07-23T00:00:00,102.9
2017-07-24T00:00:00,117.418
2017-07-25T00:00:00,119.676
2017-07-26T00:00:00,114.513
2017-07-27T00:00:00,113.668
2017-07-28T00:00:00,116.677
2017-07-29T00:00:00,115.048
2017-07-30T00:00:00,108.544
2017-07-31T00:00:00,114.263
2017-08-01T00:00:00,121.146
2017-08-02T00:00:00,129.137
2017-08-03T00:00:00,114.075
2017-08-04T00:00:00,113.778
2017-08-05T00:00:00,109.942
2017-08-06T00:00:00,114.337
2017-08-07T00:00:00,114.309
2017-08-08T00:00:00,105.819
2017-08-09T00:00:00,118.213
2017-08-10T00:00:00,120.804
2017-08-11T00:00:00,117.557
2017-08-12T00:00:00,115.406
2017-08-13T00:00:00,116.399
2017-08-14T00:00:00,112.814
2017-08-15T00:00:00,133.909
2017-08-16T00:00:00,158.523
2017-08-17T00:00:00,137.494
2017-08-18T00:00:00,179.732
2017-08-19T00:00:00,159.718
2017-08-20T00:00:00,138.514
2017-08-21T00:00:00,112.915
2017-08-22T00:00:00,115.303
2017-08-23T00:00:00,115.609
2017-08-24T00:00:00,116.976
2017-08-25T00:00:00,150.981
2017-08-26T00:00:00,144.229
2017-08-27T00:00:00,140.801
2017-08-28T00:00:00,134.402
2017-08-29T00:00:00,117.27
2017-08-30T00:00:00,121.05
2017-08-31T00:00:00,129.077
2017-09-01T00:00:00,129.254
2017-09-02T00:00:00,139.319
2017-09-03T00:00:00,125.633
2017-09-04T00:00:00,117.025
2017-09-05T00:00:00,116.926
2017-09-06T00:00:00,119.433
2017-09-07T00:00:00,116.956
2017-09-08T00:00:00,124.667
2017-09-09T00:00:00,186.047
2017-09-10T00:00:00,156.393
2017-09-11T00:00:00,153.473
2017-09-12T00:00:00,150.418
2017-09-13T00:00:00,169.905
2017-09-14T00:00:00,316.947
2017-09-15T00:00:00,266.385
2017-09-16T00:00:00,195.133
2017-09-17T00:00:00,205.572
2017-09-18T00:00:00,230.223
2017-09-19T00:00:00,221.526
2017-09-20T00:00:00,200.551
2017-09-21T00:00:00,176.224
2017-09-22T00:00:00,171.074
2017-09-23T00:00:00,172.606
2017-09-24T00:00:00,171.34
2017-09-25T00:00:00,164.199
2017-09-26T00:00:00,152.955
2017-09-27T00:00:00,158.951
2017-09-28T00:00:00,157.515
2017-09-29T00:00:00,158.035
2017-09-30T00:00:00,193.925
2017-10-01T00:00:00,223.707
2017-10-02T00:00:00,203.028
2017-10-03T00:00:00,182.288
2017-10-04T00:00:00,174.29
2017-10-05T00:00:00,170.911
2017-10-06T00:00:00,165.274
2017-10-07T00:00:00,162.181
2017-10-08T00:00:00,152.837
2017-10-09T00:00:00,173.482
2017-10-10T00:00:00,148.031
2017-10-11T00:00:00,151.676
2017-10-12T00:00:00,129.909
2017-10-13T00:00:00,141.684
2017-10-14T00:00:00,168.993
2017-10-15T00:00:00,200.298
2017-10-16T00:00:00,165.817
2017-10-17T00:00:00,165.924
2017-10-18T00:00:00,156.699
2017-10-19T00:00:00,154.232
2017-10-20T00:00:00,146.529
2017-10-21T00:00:00,125.327
2017-10-22T00:00:00,140.212
2017-10-23T00:00:00,142.856
2017-10-24T00:00:00,148.932
2017-10-25T00:00:00,136.224
2017-10-26T00:00:00,131.048
2017-10-27T00:00:00,112.028
2017-10-28T00:00:00,124.607
2017-10-29T00:00:00,128.709
2017-10-30T00:00:00,136.396
2017-10-31T00:00:00,134.228
2017-11-01T00:00:00,130.433
2017-11-02T00:00:00,130.155
2017-11-03T00:00:00,127.815
2017-11-04T00:00:00,130.911
2017-11-05T00:00:00,134.427
2017-11-06T00:00:00,135.714
2017-11-07T00:00:00,131.574
2017-11-08T00:00:00,137.134
2017-11-09T00:00:00,128.635
2017-11-10T00:00:00,141.713
2017-11-11T00:00:00,153.501
2017-11-12T00:00:00,196.047
2017-11-13T00:00:00,246.412
2017-11-14T00:00:00,238.783
2017-11-15T00:00:00,310.871
2017-11-16T00:00:00,283.998
2017-11-17T00:00:00,291.348
2017-11-18T00:00:00,299.852
2017-11-19T00:00:00,292.785
2017-11-20T00:00:00,265.258
2017-11-21T00:00:00,200.951
2017-11-22T00:00:00,211.335
2017-11-23T00:00:00,216.753
2017-11-24T00:00:00,206.462
2017-11-25T00:00:00,203.055
2017-11-26T00:00:00,196.95
2017-11-27T00:00:00,195.536
2017-11-28T00:00:00,291.034
2017-11-29T00:00:00,359.713
2017-11-30T00:00:00,315.025
2017-12-01T00:00:00,326.112
2017-12-02T00:00:00,342.332
2017-12-03T00:00:00,344.386
2017-12-04T00:00:00,342.291
2017-12-05T00:00:00,336.51
2017-12-06T00:00:00,301.738
2017-12-07T00:00:00,265.473
2017-12-08T00:00:00,276.158
2017-12-09T00:00:00,276.983
2017-12-10T00:00:00,301.833
2017-12-11T00:00:00,428.926
2017-12-12T00:00:00,537.256
2017-12-13T00:00:00,491.802
2017-12-14T00:00:00,540.392
2017-12-15T00:00:00,594.37
2017-12-16T00:00:00,599.324
2017-12-17T00:00:00,575.199
2017-12-18T00:00:00,573.084
2017-12-19T00:00:00,603.321
2017-12-20T00:00:00,614.431
2017-12-21T00:00:00,591.489
2017-12-22T00:00:00,573.381
2017-12-23T00:00:00,565.721
2017-12-24T00:00:00,558.948
2017-12-25T00:00:00,544.152
2017-12-26T00:00:00,521.384
2017-12-27T00:00:00,520.541
2017-12-28T00:00:00,554.722
2017-12-29T00:00:00,548.627
2017-12-30T00:00:00,639.484
2017-12-31T00:00:00,675.316
2018-01-01T00:00:00,724.719
2018-01-02T00:00:00,786.367
2018-01-03T00:00:00,865.416
2018-01-04T00:00:00,922.827
2018-01-05T00:00:00,998.678
2018-01-06T00:00:00,1105.23
2018-01-07T00:00:00,1146.379
2018-01-08T00:00:00,1169.384
2018-01-09T00:00:00,1198.201
2018-01-10T00:00:00,1209.353
2018-01-11T00:00:00,1184.491
2018-01-12T00:00:00,1074.666
2018-01-13T00:00:00,1019.223
2018-01-14T00:00:00,990.456
2018-01-15T00:00:00,976.907
2018-01-16T00:00:00,981.049
2018-01-17T00:00:00,1015.257
2018-01-18T00:00:00,1076.35
2018-01-19T00:00:00,1137.29
2018-01-20T00:00:00,1171.529
2018-01-21T00:00:00,1218.422
2018-01-22T00:00:00,1330.586
2018-01-23T00:00:00,1449.021
2018-01-24T00:00:00,1537.003
2018-01-25T00:00:00,1606.16
2018-01-26T00:00:00,1649.391
2018-01-27T00:00:00,1684.48
2018-01-28T00:00:00,1710.16
2018-01-29T00:00:00,1714.135
2018-01-30T00:00:00,1661.326
2018-01-31T00:00:00,1582.423
2018-02-01T00:00:00,1541.889
2018-02-02T00:00:00,1542.933
2018-02-03T00:00:00,1583.651
2018-02-04T00:00:00,1580.962
2018-02-05T00:00:00,1504.382
2018-02-06T00:00:00,1419.166
2018-02-07T00:00:00,1349.647
2018-02-08T00:00:00,1309.314
2018-02-09T00:00:00,1274.844
2018-02-10T00:00:00,1244.168
2018-02-11T00:00:00,1231.031
2018-02-12T00:00:00,1229.833
2018-02-13T00:00:00,1246.822
2018-02-14T00:00:00,1196.575
2018-02-15T00:00:00,1129.761
2018-02-16T00:00:00,1122.29
2018-02-17T00:00:00,1165.971
2018-02-18T00:00:00,1187.927
2018-02-19T00:00:00,1216.08
2018-02-20T00:00:00,1239.786
2018-02-21T00:00:00,1246.599
2018-02-22T00:00:00,1190.408
2018-02-23T00:00:00,1098.71
2018-02-24T00:00:00,1041.506
2018-02-25T00:00:00,990.186
2018-02-26T00:00:00,954.004
2018-02-27T00:00:00,908.579
2018-02-28T00:00:00,875.983
2018-03-01T00:00:00,836.389
2018-03-02T00:00:00,835.237
2018-03-03T00:00:00,812.603
2018-03-04T00:00:00,811.518
2018-03-05T00:00:00,807.504
2018-03-06T00:00:00,763.11
2018-03-07T00:00:00,765.383
2018-03-08T00:00:00,754.246
2018-03-09T00:00:00,742.187
2018-03-10T00:00:00,719.274
2018-03-11T00:00:00,771.09
2018-03-12T00:00:00,818.907
2018-03-13T00:00:00,772.81
2018-03-14T00:00:00,740.796
2018-03-15T00:00:00,729.291
2018-03-16T00:00:00,779.496
2018-03-17T00:00:00,851.159
2018-03-18T00:00:00,922.737
2018-03-19T00:00:00,938.259
2018-03-20T00:00:00,905.082
2018-03-21T00:00:00,871.516
2018-03-22T00:00:00,846.196
2018-03-23T00:00:00,866.535
2018-03-24T00:00:00,890.573
2018-03-25T00:00:00,894.478
2018-03-26T00:00:00,889.255
2018-03-27T00:00:00,863.54
2018-03-28T00:00:00,865.096
2018-03-29T00:00:00,883.824
2018-03-30T00:00:00,909.286
2018-03-31T00:00:00,894.608
2018-04-01T00:00:00,846.332
2018-04-02T00:00:00,788.143
2018-04-03T00:00:00,779.313
2018-04-04T00:00:00,782.104
2018-04-05T00:00:00,791.185
2018-04-06T00:00:00,874.085
2018-04-07T00:00:00,843.733
2018-04-08T00:00:00,788.923
2018-04-09T00:00:00,762.767
2018-04-10T00:00:00,788.342
2018-04-11T00:00:00,792.855
2018-04-12T00:00:00,779.883
2018-04-13T00:00:00,751.773
2018-04-14T00:00:00,731.032
2018-04-15T00:00:00,668.535
2018-04-16T00:00:00,640.637
2018-04-17T00:00:00,606.92
2018-04-18T00:00:00,565.797
2018-04-19T00:00:00,520.608
2018-04-20T00:00:00,509.693
2018-04-21T00:00:00,489.763
2018-04-22T00:00:00,473.306
2018-04-23T00:00:00,431.057
2018-04-24T00:00:00,398.796
2018-04-25T00:00:00,396.165
2018-04-26T00:00:00,377.933
2018-04-27T00:00:00,356.133
2018-04-28T00:00:00,331.551
2018-04-29T00:00:00,365.859
2018-04-30T00:00:00,425.082
2018-05-01T00:00:00,392.924
2018-05-02T00:00:00,355.464
2018-05-03T00:00:00,362.767
2018-05-04T00:00:00,325.22
2018-05-05T00:00:00,301.277
2018-05-06T00:00:00,310.148
2018-05-07T00:00:00,290.149
2018-05-08T00:00:00,275.466
2018-05-09T00:00:00,275.77
2018-05-10T00:00:00,265.228
2018-05-11T00:00:00,258.138
2018-05-12T00:00:00,248.971
2018-05-13T00:00:00,256.566
2018-05-14T00:00:00,293.834
2018-05-15T00:00:00,341.968
2018-05-16T00:00:00,340.621
2018-05-17T00:00:00,336.628
2018-05-18T00:00:00,355.501
2018-05-19T00:00:00,361.619
2018-05-20T00:00:00,362.118
2018-05-21T00:00:00,349.979
2018-05-22T00:00:00,319.179
2018-05-23T00:00:00,302.516
2018-05-24T00:00:00,301.685
2018-05-25T00:00:00,293.444
2018-05-26T00:00:00,315.7
2018-05-27T00:00:00,278.102
2018-05-28T00:00:00,281.803
2018-05-29T00:00:00,299.241
2018-05-30T00:00:00,315.149
2018-05-31T00:00:00,279.708
2018-06-01T00:00:00,262.595
2018-06-02T00:00:00,280.437
2018-06-03T00:00:00,281.026
2018-06-04T00:00:00,276.78
2018-06-05T00:00:00,314.125
2018-06-06T00:00:00,394.396
2018-06-07T00:00:00,421.775
2018-06-08T00:00:00,398.313
2018-06-09T00:00:00,349.016
2018-06-10T00:00:00,365.13
2018-06-11T00:00:00,444.059
2018-06-12T00:00:00,636.455
2018-06-13T00:00:00,621.204
2018-06-14T00:00:00,458.782
2018-06-15T00:00:00,377.648
2018-06-16T00:00:00,360.181
2018-06-17T00:00:00,349.873
2018-06-18T00:00:00,317.267
2018-06-19T00:00:00,298.653
2018-06-20T00:00:00,273.942
2018-06-21T00:00:00,241.176
2018-06-22T00:00:00,223.673
2018-06-23T00:00:00,227.838
2018-06-24T00:00:00,222.88
2018-06-25T00:00:00,217.807
2018-06-26T00:00:00,210.57
2018-06-27T00:00:00,191.382
2018-06-28T00:00:00,187.055
2018-06-29T00:00:00,176.273
2018-06-30T00:00:00,169.212
2018-07-01T00:00:00,162.312
2018-07-02T00:00:00,169.348
2018-07-03T00:00:00,159.699
2018-07-04T00:00:00,157.236
2018-07-05T00:00:00,168.017
2018-07-06T00:00:00,175.835
2018-07-07T00:00:00,175.482
2018-07-08T00:00:00,181.262
2018-07-09T00:00:00,183.009
2018-07-10T00:00:00,157.951
2018-07-11T00:00:00,168.451
2018-07-12T00:00:00,161.887
2018-07-13T00:00:00,154.107
2018-07-14T00:00:00,155.677
2018-07-15T00:00:00,165.758
2018-07-16T00:00:00,157.434
2018-07-17T00:00:00,154.974
2018-07-18T00:00:00,152.89
2018-07-19T00:00:00,155.85
2018-07-20T00:00:00,156.798
2018-07-21T00:00:00,166.937
2018-07-22T00:00:00,166.574
2018-07-23T00:00:00,163.072
2018-07-24T00:00:00,156.59
2018-07-25T00:00:00,148.596
2018-07-26T00:00:00,149.491
2018-07-27T00:00:00,160.467
2018-07-28T00:00:00,168.364
2018-07-29T00:00:00,146.126
2018-07-30T00:00:00,149.385
2018-07-31T00:00:00,143.868
2018-08-01T00:00:00,139.519
2018-08-02T00:00:00,138.461
2018-08-03T00:00:00,128.588
2018-08-04T00:00:00,138.961
2018-08-05T00:00:00,134.936
2018-08-06T00:00:00,130.916
2018-08-07T00:00:00,133.774
2018-08-08T00:00:00,132.22
2018-08-09T00:00:00,150.559
2018-08-10T00:00:00,144.57
2018-08-11T00:00:00,143.817
2018-08-12T00:00:00,146.986
2018-08-13T00:00:00,158.45
2018-08-14T00:00:00,151.124
2018-08-15T00:00:00,146.46
2018-08-16T00:00:00,145.63
2018-08-17T00:00:00,141.099
2018-08-18T00:00:00,145.984
2018-08-19T00:00:00,143.249
2018-08-20T00:00:00,141.829
2018-08-21T00:00:00,139.675
2018-08-22T00:00:00,133.552
2018-08-23T00:00:00,135.714
2018-08-24T00:00:00,136.599
2018-08-25T00:00:00,137.394
2018-08-26T00:00:00,136.052
2018-08-27T00:00:00,138.173
2018-08-28T00:00:00,143.565
2018-08-29T00:00:00,185.936
2018-08-30T00:00:00,162.232
2018-08-31T00:00:00,151.438
2018-09-01T00:00:00,142.296
2018-09-02T00:00:00,140.966
2018-09-03T00:00:00,135.84
2018-09-04T00:00:00,137.184
2018-09-05T00:00:00,137.134
2018-09-06T00:00:00,140.497
2018-09-07T00:00:00,136.223
2018-09-08T00:00:00,137.887
2018-09-09T00:00:00,127.754
2018-09-10T00:00:00,141.892
2018-09-11T00:00:00,134.509
2018-09-12T00:00:00,138.253
2018-09-13T00:00:00,135.033
2018-09-14T00:00:00,132.151
2018-09-15T00:00:00,132.08
2018-09-16T00:00:00,128.737
2018-09-17T00:00:00,126.729
2018-09-18T00:00:00,129.347
2018-09-19T00:00:00,130.119
2018-09-20T00:00:00,128.017
2018-09-21T00:00:00,131.536
2018-09-22T00:00:00,129.703
2018-09-23T00:00:00,135.786
2018-09-24T00:00:00,140.44
2018-09-25T00:00:00,136.632
2018-09-26T00:00:00,131.973
2018-09-27T00:00:00,131.895
2018-09-28T00:00:00,131.428
2018-09-29T00:00:00,134.482
2018-09-30T00:00:00,127.118
2018-10-01T00:00:00,125.453
2018-10-02T00:00:00,135.653
2018-10-03T00:00:00,128.568
2018-10-04T00:00:00,129.142
2018-10-05T00:00:00,130.079
2018-10-06T00:00:00,130.65
2018-10-07T00:00:00,130.787
2018-10-08T00:00:00,128.407
2018-10-09T00:00:00,131.133
2018-10-10T00:00:00,135.049
2018-10-11T00:00:00,133.811
2018-10-12T00:00:00,142.006
2018-10-13T00:00:00,135.042
2018-10-14T00:00:00,140.054
2018-10-15T00:00:00,165.235
2018-10-16T00:00:00,155.699
2018-10-17T00:00:00,151.959
2018-10-18T00:00:00,135.394
2018-10-19T00:00:00,129.022
2018-10-20T00:00:00,134.218
2018-10-21T00:00:00,131.5
2018-10-22T00:00:00,127.434
2018-10-23T00:00:00,118.668
2018-10-24T00:00:00,128.307
2018-10-25T00:00:00,118.794
2018-10-26T00:00:00,116.181
2018-10-27T00:00:00,112.917
2018-10-28T00:00:00,113.294
2018-10-29T00:00:00,117.225
2018-10-30T00:00:00,134.956
2018-10-31T00:00:00,116.899
2018-11-01T00:00:00,126.501
2018-11-02T00:00:00,127.459
2018-11-03T00:00:00,128.885
2018-11-04T00:00:00,129.338
2018-11-05T00:00:00,125.245
2018-11-06T00:00:00,118.398
2018-11-07T00:00:00,123.838
2018-11-08T00:00:00,116.198
2018-11-09T00:00:00,118.2
2018-11-10T00:00:00,121.048
2018-11-11T00:00:00,137.401
2018-11-12T00:00:00,166.417
2018-11-13T00:00:00,140.408
2018-11-14T00:00:00,120.649
2018-11-15T00:00:00,127.007
2018-11-16T00:00:00,131.331
2018-11-17T00:00:00,126.752
2018-11-18T00:00:00,123.385
2018-11-19T00:00:00,124.471
2018-11-20T00:00:00,121.26
2018-11-21T00:00:00,116.503
2018-11-22T00:00:00,113.34
2018-11-23T00:00:00,118.228
2018-11-24T00:00:00,137.201
2018-11-25T00:00:00,130.948
2018-11-26T00:00:00,126.499
2018-11-27T00:00:00,117.238
2018-11-28T00:00:00,159.125
2018-11-29T00:00:00,138.336
2018-11-30T00:00:00,130.225
2018-12-01T00:00:00,129.338
2018-12-02T00:00:00,157.816
2018-12-03T00:00:00,160.948
2018-12-04T00:00:00,198.415
2018-12-05T00:00:00,221.086
2018-12-06T00:00:00,274.681
2018-12-07T00:00:00,282.162
2018-12-08T00:00:00,272.884
2018-12-09T00:00:00,288.384
2018-12-10T00:00:00,284.788
2018-12-11T00:00:00,296.531
2018-12-12T00:00:00,316.255
2018-12-13T00:00:00,319.501
2018-12-14T00:00:00,320.745
2018-12-15T00:00:00,316.423
2018-12-16T00:00:00,330.261
2018-12-17T00:00:00,290.827
2018-12-18T00:00:00,235.432
2018-12-19T00:00:00,247.121
2018-12-20T00:00:00,240.558
2018-12-21T00:00:00,240.903
2018-12-22T00:00:00,263.19
2018-12-23T00:00:00,294.143
2018-12-24T00:00:00,383.143
2018-12-25T00:00:00,402.78
2018-12-26T00:00:00,372.098
2018-12-27T00:00:00,368.304
2018-12-28T00:00:00,380.987
2018-12-29T00:00:00,365.468
2018-12-30T00:00:00,350.025
2018-12-31T00:00:00,305.545
2019-01-01T00:00:00,252.416
2019-01-02T00:00:00,268.789
2019-01-03T00:00:00,229.596
2019-01-04T00:00:00,225.189
2019-01-05T00:00:00,223.222
2019-01-06T00:00:00,222.979
2019-01-07T00:00:00,216.011
2019-01-08T00:00:00,209.576
2019-01-09T00:00:00,209.658
2019-01-10T00:00:00,205.42
2019-01-11T00:00:00,196.822
2019-01-12T00:00:00,202.976
2019-01-13T00:00:00,196.029
2019-01-14T00:00:00,200.974
2019-01-15T00:00:00,194.177
2019-01-16T00:00:00,250.895
2019-01-17T00:00:00,263.545
2019-01-18T00:00:00,275.717
2019-01-19T00:00:00,280.614
2019-01-20T00:00:00,279.795
2019-01-21T00:00:00,262.216
2019-01-22T00:00:00,266.359
2019-01-23T00:00:00,283.445
2019-01-24T00:00:00,279.022
2019-01-25T00:00:00,260.268
2019-01-26T00:00:00,253.383
2019-01-27T00:00:00,283.26
2019-01-28T00:00:00,332.232
2019-01-29T00:00:00,388.11
2019-01-30T00:00:00,442.339
2019-01-31T00:00:00,440.027
2019-02-01T00:00:00,534.458
2019-02-02T00:00:00,661.808
2019-02-03T00:00:00,713.257
2019-02-04T00:00:00,627.217
2019-02-05T00:00:00,581.715
2019-02-06T00:00:00,529.692
2019-02-07T00:00:00,502.815
2019-02-08T00:00:00,462.753
2019-02-09T00:00:00,458.72
2019-02-10T00:00:00,465.19
2019-02-11T00:00:00,502.992
2019-02-12T00:00:00,490.231
2019-02-13T00:00:00,442.25
2019-02-14T00:00:00,433.925
2019-02-15T00:00:00,407.119
2019-02-16T00:00:00,378.116
2019-02-17T00:00:00,359.921
2019-02-18T00:00:00,325.371
2019-02-19T00:00:00,323.127
2019-02-20T00:00:00,310.323
2019-02-21T00:00:00,297.73
2019-02-22T00:00:00,287.038
2019-02-23T00:00:00,272.999
2019-02-24T00:00:00,256.886
2019-02-25T00:00:00,236.031
2019-02-26T00:00:00,219.517
2019-02-27T00:00:00,236.032
2019-02-28T00:00:00,238.548
2019-03-01T00:00:00,238.193
2019-03-02T00:00:00,230.131
2019-03-03T00:00:00,230.956
2019-03-04T00:00:00,234.926
2019-03-05T00:00:00,232.38
2019-03-06T00:00:00,234.512
2019-03-07T00:00:00,300.468
2019-03-08T00:00:00,380.351
2019-03-09T00:00:00,337.29
2019-03-10T00:00:00,312.856
2019-03-11T00:00:00,337.145
2019-03-12T00:00:00,333.039
2019-03-13T00:00:00,334.17
2019-03-14T00:00:00,329.943
2019-03-15T00:00:00,376.259
2019-03-16T00:00:00,501.106
2019-03-17T00:00:00,543.634
2019-03-18T00:00:00,551.752
2019-03-19T00:00:00,551.764
2019-03-20T00:00:00,531.69
2019-03-21T00:00:00,528.738
2019-03-22T00:00:00,536.323
2019-03-23T00:00:00,527.164
2019-03-24T00:00:00,511.218
2019-03-25T00:00:00,488.484
2019-03-26T00:00:00,444.96
2019-03-27T00:00:00,414.834
2019-03-28T00:00:00,367.238
2019-03-29T00:00:00,362.535
2019-03-30T00:00:00,332.766
2019-03-31T00:00:00,304.397
2019-04-01T00:00:00,315.758
2019-04-02T00:00:00,299.194
2019-04-03T00:00:00,291.616
2019-04-04T00:00:00,286.876
2019-04-05T00:00:00,281.516
2019-04-06T00:00:00,277.902
2019-04-07T00:00:00,276.037
2019-04-08T00:00:00,259.152
2019-04-09T00:00:00,260.707
2019-04-10T00:00:00,263.298
2019-04-11T00:00:00,246.335
2019-04-12T00:00:00,228.452
2019-04-13T00:00:00,225.642
2019-04-14T00:00:00,220.583
2019-04-15T00:00:00,204.005
2019-04-16T00:00:00,200.235
2019-04-17T00:00:00,196.248
2019-04-18T00:00:00,185.174
2019-04-19T00:00:00,174.425
2019-04-20T00:00:00,201.059
2019-04-21T00:00:00,183.036
2019-04-22T00:00:00,180.949
2019-04-23T00:00:00,161.224
2019-04-24T00:00:00,182.303
2019-04-25T00:00:00,168.788
2019-04-26T00:00:00,176.235
2019-04-27T00:00:00,179.837
2019-04-28T00:00:00,179.293
2019-04-29T00:00:00,171.848
2019-04-30T00:00:00,161.641
2019-05-01T00:00:00,170.423
2019-05-02T00:00:00,173.548
2019-05-03T00:00:00,168.708
2019-05-04T00:00:00,185.927
2019-05-05T00:00:00,175.585
2019-05-06T00:00:00,167.728
2019-05-07T00:00:00,162.066
2019-05-08T00:00:00,175.743
2019-05-09T00:00:00,208.435
2019-05-10T00:00:00,227.301
2019-05-11T00:00:00,432.889
2019-05-12T00:00:00,501.302
2019-05-13T00:00:00,423.665
2019-05-14T00:00:00,337.891
2019-05-15T00:00:00,328.318
2019-05-16T00:00:00,297.428
2019-05-17T00:00:00,279.305
2019-05-18T00:00:00,270.446
2019-05-19T00:00:00,265.583
2019-05-20T00:00:00,247.818
2019-05-21T00:00:00,243.857
2019-05-22T00:00:00,241.088
2019-05-23T00:00:00,227.832
2019-05-24T00:00:00,213.215
2019-05-25T00:00:00,206.732
2019-05-26T00:00:00,200.81
2019-05-27T00:00:00,182.565
2019-05-28T00:00:00,185.907
2019-05-29T00:00:00,174.628
2019-05-30T00:00:00,168.785
2019-05-31T00:00:00,167.26
2019-06-01T00:00:00,160.002
2019-06-02T00:00:00,152.619
2019-06-03T00:00:00,158.535
2019-06-04T00:00:00,150.844
2019-06-05T00:00:00,185.821
2019-06-06T00:00:00,186.864
2019-06-07T00:00:00,166.971
2019-06-08T00:00:00,157.485
2019-06-09T00:00:00,136.046
2019-06-10T00:00:00,146.03
2019-06-11T00:00:00,141.875
2019-06-12T00:00:00,156.352
2019-06-13T00:00:00,145.991
2019-06-14T00:00:00,144.917
2019-06-15T00:00:00,178.579
2019-06-16T00:00:00,166.91
2019-06-17T00:00:00,152.655
2019-06-18T00:00:00,134.166
2019-06-19T00:00:00,131.024
2019-06-20T00:00:00,141.236
2019-06-21T00:00:00,119.926
2019-06-22T00:00:00,117.29
2019-06-23T00:00:00,113.269
2019-06-24T00:00:00,114.666
2019-06-25T00:00:00,99.856
2019-06-26T00:00:00,97.72
2019-06-27T00:00:00,100.953
2019-06-28T00:00:00,95.023
2019-06-29T00:00:00,98.166
2019-06-30T00:00:00,100.792
2019-07-01T00:00:00,115.33
2019-07-02T00:00:00,108.615
2019-07-03T00:00:00,106.061
2019-07-04T00:00:00,102.153
2019-07-05T00:00:00,99.552
2019-07-06T00:00:00,98.969
2019-07-07T00:00:00,99.946
2019-07-08T00:00:00,98.113
2019-07-09T00:00:00,95.907
2019-07-10T00:00:00,93.865
2019-07-11T00:00:00,92.569
2019-07-12T00:00:00,93.883
2019-07-13T00:00:00,96.978
2019-07-14T00:00:00,99.334
2019-07-15T00:00:00,96.833
2019-07-16T00:00:00,96.586
2019-07-17T00:00:00,96.229
2019-07-18T00:00:00,95.152
2019-07-19T00:00:00,97.834
2019-07-20T00:00:00,96.277
2019-07-21T00:00:00,100.926
2019-07-22T00:00:00,96.01
2019-07-23T00:00:00,93.875
2019-07-24T00:00:00,91.577
2019-07-25T00:00:00,92.097
2019-07-26T00:00:00,87.435
2019-07-27T00:00:00,129.786
2019-07-28T00:00:00,100.457
2019-07-29T00:00:00,98.401
2019-07-30T00:00:00,98.202
2019-07-31T00:00:00,98.632
2019-08-01T00:00:00,87.224
2019-08-02T00:00:00,91.311
2019-08-03T00:00:00,95.591
2019-08-04T00:00:00,94.049
2019-08-05T00:00:00,95.308
2019-08-06T00:00:00,111.375
2019-08-07T00:00:00,113.875
2019-08-08T00:00:00,104.283
2019-08-09T00:00:00,151.399
2019-08-10T00:00:00,137.949
2019-08-11T00:00:00,112.267
2019-08-12T00:00:00,110.23
2019-08-13T00:00:00,113.375
2019-08-14T00:00:00,110.308
2019-08-15T00:00:00,110.822
2019-08-16T00:00:00,107.144
2019-08-17T00:00:00,118.118
2019-08-18T00:00:00,154.379
2019-08-19T00:00:00,127.755
2019-08-20T00:00:00,119.94
2019-08-21T00:00:00,114.428
2019-08-22T00:00:00,109.693
2019-08-23T00:00:00,106.255
2019-08-24T00:00:00,105.01
2019-08-25T00:00:00,106.966
2019-08-26T00:00:00,104.743
2019-08-27T00:00:00,104.17
2019-08-28T00:00:00,104.092
2019-08-29T00:00:00,100.36
2019-08-30T00:00:00,101.164
2019-08-31T00:00:00,97.211
2019-09-01T00:00:00,100.666
2019-09-02T00:00:00,98.414
2019-09-03T00:00:00,94.016
2019-09-04T00:00:00,92.767
2019-09-05T00:00:00,99.733
2019-09-06T00:00:00,93.413
2019-09-07T00:00:00,96.313
2019-09-08T00:00:00,97.732
2019-09-09T00:00:00,99.994
2019-09-10T00:00:00,100.471
2019-09-11T00:00:00,101.826
2019-09-12T00:00:00,95.823
2019-09-13T00:00:00,99.088
2019-09-14T00:00:00,99.216
2019-09-15T00:00:00,97.597
2019-09-16T00:00:00,100.092
2019-09-17T00:00:00,101.632
2019-09-18T00:00:00,99.307
2019-09-19T00:00:00,95.466
2019-09-20T00:00:00,91.201
2019-09-21T00:00:00,89.987
2019-09-22T00:00:00,103.446
2019-09-23T00:00:00,107.154
2019-09-24T00:00:00,106.027
2019-09-25T00:00:00,112.857
2019-09-26T00:00:00,111.922
2019-09-27T00:00:00,121.301
2019-09-28T00:00:00,110.076
2019-09-29T00:00:00,113.24
2019-09-30T00:00:00,122.007
2019-10-01T00:00:00,109.624
2019-10-02T00:00:00,126.252
2019-10-03T00:00:00,114.868
2019-10-04T00:00:00,112.398
2019-10-05T00:00:00,102.979
2019-10-06T00:00:00,111.723
2019-10-07T00:00:00,125.444
2019-10-08T00:00:00,146.603
2019-10-09T00:00:00,146.98
2019-10-10T00:00:00,127.787
2019-10-11T00:00:00,128.582
2019-10-12T00:00:00,123.814
2019-10-13T00:00:00,121.575
2019-10-14T00:00:00,124.883
2019-10-15T00:00:00,147.378
2019-10-16T00:00:00,149.647
2019-10-17T00:00:00,136.393
2019-10-18T00:00:00,136.263
2019-10-19T00:00:00,128.778
2019-10-20T00:00:00,163.209
2019-10-21T00:00:00,182.951
2019-10-22T00:00:00,185.858
2019-10-23T00:00:00,197.171
2019-10-24T00:00:00,190.126
2019-10-25T00:00:00,206.198
2019-10-26T00:00:00,186.099
2019-10-27T00:00:00,197.548
2019-10-28T00:00:00,189.438
2019-10-29T00:00:00,210.331
2019-10-30T00:00:00,191.121
2019-10-31T00:00:00,187.04
2019-11-01T00:00:00,204.436
2019-11-02T00:00:00,186.173
2019-11-03T00:00:00,195.098
2019-11-04T00:00:00,206.695
2019-11-05T00:00:00,201.272
2019-11-06T00:00:00,210.121
2019-11-07T00:00:00,240.191
2019-11-08T00:00:00,258.866
2019-11-09T00:00:00,253.793
2019-11-10T00:00:00,260.399
2019-11-11T00:00:00,241.809
2019-11-12T00:00:00,238.15
2019-11-13T00:00:00,225.673
2019-11-14T00:00:00,225.438
2019-11-15T00:00:00,261.517
2019-11-16T00:00:00,258.271
2019-11-17T00:00:00,260.098
2019-11-18T00:00:00,248.604
2019-11-19T00:00:00,234.807
2019-11-20T00:00:00,227.305
2019-11-21T00:00:00,206.597
2019-11-22T00:00:00,231.17
2019-11-23T00:00:00,243.302
2019-11-24T00:00:00,234.419
2019-11-25T00:00:00,243.083
2019-11-26T00:00:00,239.728
2019-11-27T00:00:00,258.807
2019-11-28T00:00:00,243.5
2019-11-29T00:00:00,252.036
2019-11-30T00:00:00,232.809
2019-12-01T00:00:00,261.192
2019-12-02T00:00:00,272.068
2019-12-03T00:00:00,286.529
2019-12-04T00:00:00,304.698
2019-12-05T00:00:00,291.267
2019-12-06T00:00:00,278.628
2019-12-07T00:00:00,268.961
2019-12-08T00:00:00,264.191
2019-12-09T00:00:00,284.213
2019-12-10T00:00:00,287.729
2019-12-11T00:00:00,291.645
2019-12-12T00:00:00,371.576
2019-12-13T00:00:00,536.432
2019-12-14T00:00:00,636.428
2019-12-15T00:00:00,643.973
2019-12-16T00:00:00,692.986
2019-12-17T00:00:00,725.705
2019-12-18T00:00:00,739.572
2019-12-19T00:00:00,757.961
2019-12-20T00:00:00,759.183
2019-12-21T00:00:00,776.446
2019-12-22T00:00:00,793.963
2019-12-23T00:00:00,802.043
2019-12-24T00:00:00,843.128
2019-12-25T00:00:00,846.952
2019-12-26T00:00:00,830.221
2019-12-27T00:00:00,871.391
2019-12-28T00:00:00,928.869
2019-12-29T00:00:00,948.415
2019-12-30T00:00:00,900.328
2019-12-31T00:00:00,864.352
2020-01-01T00:00:00,799.547
2020-01-02T00:00:00,765.0
2020-01-03T00:00:00,747.48
2020-01-04T00:00:00,756.197
2020-01-05T00:00:00,734.175
2020-01-06T00:00:00,718.011
2020-01-07T00:00:00,665.024
2020-01-08T00:00:00,630.739
2020-01-09T00:00:00,607.204
2020-01-10T00:00:00,604.366
2020-01-11T00:00:00,597.885
2020-01-12T00:00:00,567.396
2020-01-13T00:00:00,498.537
2020-01-14T00:00:00,485.465
2020-01-15T00:00:00,447.938
2020-01-16T00:00:00,412.202
2020-01-17T00:00:00,393.105
2020-01-18T00:00:00,367.786
2020-01-19T00:00:00,359.755
2020-01-20T00:00:00,336.753
2020-01-21T00:00:00,301.985
2020-01-22T00:00:00,312.557
2020-01-23T00:00:00,307.914
2020-01-24T00:00:00,299.125
2020-01-25T00:00:00,290.602
2020-01-26T00:00:00,290.949
2020-01-27T00:00:00,297.039
2020-01-28T00:00:00,306.43
2020-01-29T00:00:00,343.067
2020-01-30T00:00:00,393.064
2020-01-31T00:00:00,412.249
2020-02-01T00:00:00,439.544
2020-02-02T00:00:00,556.383
2020-02-03T00:00:00,726.635
2020-02-04T00:00:00,907.151
2020-02-05T00:00:00,956.683
2020-02-06T00:00:00,907.732
2020-02-07T00:00:00,843.738
2020-02-08T00:00:00,815.096
2020-02-09T00:00:00,825.816
2020-02-10T00:00:00,844.875
2020-02-11T00:00:00,853.778
2020-02-12T00:00:00,876.129
2020-02-13T00:00:00,902.588
2020-02-14T00:00:00,910.357
2020-02-15T00:00:00,924.761
2020-02-16T00:00:00,927.449
2020-02-17T00:00:00,893.804
2020-02-18T00:00:00,867.026
2020-02-19T00:00:00,867.69
2020-02-20T00:00:00,837.101
2020-02-21T00:00:00,807.51
2020-02-22T00:00:00,775.6
2020-02-23T00:00:00,744.576
2020-02-24T00:00:00,746.545
2020-02-25T00:00:00,763.964
2020-02-26T00:00:00,819.848
2020-02-27T00:00:00,877.339
2020-02-28T00:00:00,920.642
2020-02-29T00:00:00,918.595
2020-03-01T00:00:00,886.963
2020-03-02T00:00:00,931.315
2020-03-03T00:00:00,994.069
2020-03-04T00:00:00,1010.434
2020-03-05T00:00:00,1018.395
2020-03-06T00:00:00,1099.877
2020-03-07T00:00:00,1188.082
2020-03-08T00:00:00,1236.0
2020-03-09T00:00:00,1237.792
2020-03-10T00:00:00,1169.576
2020-03-11T00:00:00,1126.461
2020-03-12T00:00:00,1131.27
2020-03-13T00:00:00,1121.408
2020-03-14T00:00:00,1092.399
2020-03-15T00:00:00,1069.07
2020-03-16T00:00:00,1039.165
2020-03-17T00:00:00,1015.251
2020-03-18T00:00:00,995.15
2020-03-19T00:00:00,960.767
2020-03-20T00:00:00,928.092
2020-03-21T00:00:00,884.513
2020-03-22T00:00:00,831.366
2020-03-23T00:00:00,800.975
2020-03-24T00:00:00,761.292
2020-03-25T00:00:00,723.153
2020-03-26T00:00:00,672.834
2020-03-27T00:00:00,644.109
2020-03-28T00:00:00,614.25
2020-03-29T00:00:00,583.576
2020-03-30T00:00:00,532.242
2020-03-31T00:00:00,480.553
2020-04-01T00:00:00,440.733
2020-04-02T00:00:00,432.615
2020-04-03T00:00:00,397.592
2020-04-04T00:00:00,384.061
2020-04-05T00:00:00,370.655
2020-04-06T00:00:00,368.314
2020-04-07T00:00:00,342.762
2020-04-08T00:00:00,331.434
2020-04-09T00:00:00,313.777
2020-04-10T00:00:00,314.912
2020-04-11T00:00:00,294.503
2020-04-12T00:00:00,294.734
2020-04-13T00:00:00,283.161
2020-04-14T00:00:00,272.279
2020-04-15T00:00:00,257.144
2020-04-16T00:00:00,252.811
2020-04-17T00:00:00,252.388
2020-04-18T00:00:00,250.652
2020-04-19T00:00:00,243.766
2020-04-20T00:00:00,246.979
2020-04-21T00:00:00,234.834
2020-04-22T00:00:00,231.98
2020-04-23T00:00:00,215.265
2020-04-24T00:00:00,215.318
2020-04-25T00:00:00,219.235
2020-04-26T00:00:00,211.584
2020-04-27T00:00:00,208.293
2020-04-28T00:00:00,207.899
2020-04-29T00:00:00,206.133
2020-04-30T00:00:00,221.532
2020-05-01T00:00:00,223.018
2020-05-02T00:00:00,213.96
2020-05-03T00:00:00,211.729
2020-05-04T00:00:00,207.129
2020-05-05T00:00:00,220.869
2020-05-06T00:00:00,199.177
2020-05-07T00:00:00,198.452
2020-05-08T00:00:00,193.289
2020-05-09T00:00:00,195.261
2020-05-10T00:00:00,266.005
2020-05-11T00:00:00,294.629
2020-05-12T00:00:00,312.013
2020-05-13T00:00:00,320.179
2020-05-14T00:00:00,300.552
2020-05-15T00:00:00,283.824
2020-05-16T00:00:00,241.729
2020-05-17T00:00:00,238.564
2020-05-18T00:00:00,215.032
2020-05-19T00:00:00,204.954
2020-05-20T00:00:00,192.58
2020-05-21T00:00:00,194.866
2020-05-22T00:00:00,167.827
2020-05-23T00:00:00,187.73
2020-05-24T00:00:00,170.039
2020-05-25T00:00:00,173.522
2020-05-26T00:00:00,167.79
2020-05-27T00:00:00,161.536
2020-05-28T00:00:00,155.667
2020-05-29T00:00:00,147.072
2020-05-30T00:00:00,144.614
2020-05-31T00:00:00,146.591
2020-06-01T00:00:00,143.253
2020-06-02T00:00:00,134.958
2020-06-03T00:00:00,152.223
2020-06-04T00:00:00,224.032
2020-06-05T00:00:00,161.827
2020-06-06T00:00:00,165.576
2020-06-07T00:00:00,154.56
2020-06-08T00:00:00,151.09
2020-06-09T00:00:00,141.041
2020-06-10T00:00:00,145.401
2020-06-11T00:00:00,144.167
2020-06-12T00:00:00,162.285
2020-06-13T00:00:00,147.732
2020-06-14T00:00:00,146.19
2020-06-15T00:00:00,140.386
2020-06-16T00:00:00,141.321
2020-06-17T00:00:00,139.158
2020-06-18T00:00:00,130.338
2020-06-19T00:00:00,130.983
2020-06-20T00:00:00,127.309
2020-06-21T00:00:00,127.109
2020-06-22T00:00:00,125.962
2020-06-23T00:00:00,122.016
2020-06-24T00:00:00,113.868
2020-06-25T00:00:00,110.189
2020-06-26T00:00:00,116.246
2020-06-27T00:00:00,120.674
2020-06-28T00:00:00,116.977
2020-06-29T00:00:00,111.82
2020-06-30T00:00:00,112.83
2020-07-01T00:00:00,112.11
2020-07-02T00:00:00,106.279
2020-07-03T00:00:00,110.657
2020-07-04T00:00:00,106.659
2020-07-05T00:00:00,103.035
2020-07-06T00:00:00,109.578
2020-07-07T00:00:00,107.284
2020-07-08T00:00:00,105.845
2020-07-09T00:00:00,104.665
2020-07-10T00:00:00,98.719
2020-07-11T00:00:00,92.296
2020-07-12T00:00:00,98.943
2020-07-13T00:00:00,92.855
2020-07-14T00:00:00,97.552
2020-07-15T00:00:00,98.118
2020-07-16T00:00:00,102.822
2020-07-17T00:00:00,109.156
2020-07-18T00:00:00,108.871
2020-07-19T00:00:00,100.096
2020-07-20T00:00:00,104.035
2020-07-21T00:00:00,90.85
2020-07-22T00:00:00,99.063
2020-07-23T00:00:00,89.033
2020-07-24T00:00:00,91.017
2020-07-25T00:00:00,91.942
2020-07-26T00:00:00,100.078
2020-07-27T00:00:00,95.286
2020-07-28T00:00:00,82.847
2020-07-29T00:00:00,95.68
2020-07-30T00:00:00,96.981
2020-07-31T00:00:00,87.374
2020-08-01T00:00:00,93.351
2020-08-02T00:00:00,89.463
2020-08-03T00:00:00,92.678
2020-08-04T00:00:00,96.739
2020-08-05T00:00:00,89.071
2020-08-06T00:00:00,92.26
2020-08-07T00:00:00,93.715
2020-08-08T00:00:00,89.333
2020-08-09T00:00:00,91.571
2020-08-10T00:00:00,100.507
2020-08-11T00:00:00,103.149
2020-08-12T00:00:00,103.349
2020-08-13T00:00:00,109.06
2020-08-14T00:00:00,105.269
2020-08-15T00:00:00,94.31
2020-08-16T00:00:00,106.649
2020-08-17T00:00:00,114.483
2020-08-18T00:00:00,105.347
2020-08-19T00:00:00,106.533
2020-08-20T00:00:00,101.703
2020-08-21T00:00:00,110.847
2020-08-22T00:00:00,103.482
2020-08-23T00:00:00,98.592
2020-08-24T00:00:00,104.612
2020-08-25T00:00:00,104.341
2020-08-26T00:00:00,96.64
2020-08-27T00:00:00,96.797
2020-08-28T00:00:00,103.79
2020-08-29T00:00:00,105.388
2020-08-30T00:00:00,113.232
2020-08-31T00:00:00,109.314
2020-09-01T00:00:00,108.664
2020-09-02T00:00:00,105.849
2020-09-03T00:00:00,103.266
2020-09-04T00:00:00,104.763
2020-09-05T00:00:00,102.724
2020-09-06T00:00:00,103.728
2020-09-07T00:00:00,102.354
2020-09-08T00:00:00,101.501
2020-09-09T00:00:00,102.502
2020-09-10T00:00:00,105.129
2020-09-11T00:00:00,106.871
2020-09-12T00:00:00,105.382
2020-09-13T00:00:00,106.877
2020-09-14T00:00:00,108.569
2020-09-15T00:00:00,107.635
2020-09-16T00:00:00,103.362
2020-09-17T00:00:00,105.409
2020-09-18T00:00:00,101.374
2020-09-19T00:00:00,111.135
2020-09-20T00:00:00,102.571
2020-09-21T00:00:00,107.086
2020-09-22T00:00:00,108.656
2020-09-23T00:00:00,106.941
2020-09-24T00:00:00,120.001
2020-09-25T00:00:00,123.314
2020-09-26T00:00:00,122.033
2020-09-27T00:00:00,147.83
2020-09-28T00:00:00,153.779
2020-09-29T00:00:00,165.261
2020-09-30T00:00:00,139.61
2020-10-01T00:00:00,155.811
2020-10-02T00:00:00,211.634
2020-10-03T00:00:00,196.295
2020-10-04T00:00:00,182.423
2020-10-05T00:00:00,231.905
2020-10-06T00:00:00,211.502
2020-10-07T00:00:00,237.806
2020-10-08T00:00:00,223.028
2020-10-09T00:00:00,254.786
2020-10-10T00:00:00,243.278
2020-10-11T00:00:00,247.133
2020-10-12T00:00:00,277.636
2020-10-13T00:00:00,272.923
2020-10-14T00:00:00,253.024
2020-10-15T00:00:00,244.913
2020-10-16T00:00:00,235.346
2020-10-17T00:00:00,231.245
2020-10-18T00:00:00,216.853
2020-10-19T00:00:00,214.7
2020-10-20T00:00:00,208.917
2020-10-21T00:00:00,224.607
2020-10-22T00:00:00,206.704
2020-10-23T00:00:00,222.666
2020-10-24T00:00:00,198.706
2020-10-25T00:00:00,213.275
2020-10-26T00:00:00,204.016
2020-10-27T00:00:00,206.549
2020-10-28T00:00:00,215.416
2020-10-29T00:00:00,212.433
2020-10-30T00:00:00,210.854
2020-10-31T00:00:00,208.247
2020-11-01T00:00:00,209.691
2020-11-02T00:00:00,203.458
2020-11-03T00:00:00,189.698
2020-11-04T00:00:00,199.202
2020-11-05T00:00:00,199.362
2020-11-06T00:00:00,201.625
2020-11-07T00:00:00,191.864
2020-11-08T00:00:00,182.252
2020-11-09T00:00:00,174.94
2020-11-10T00:00:00,177.998
2020-11-11T00:00:00,173.017
2020-11-12T00:00:00,170.004
2020-11-13T00:00:00,164.072
2020-11-14T00:00:00,136.992
2020-11-15T00:00:00,138.961
2020-11-16T00:00:00,149.701
2020-11-17T00:00:00,138.27
2020-11-18T00:00:00,141.415
2020-11-19T00:00:00,136.684
2020-11-20T00:00:00,136.084
2020-11-21T00:00:00,130.229
2020-11-22T00:00:00,122.323
2020-11-23T00:00:00,130.882
2020-11-24T00:00:00,131.316
2020-11-25T00:00:00,124.421
2020-11-26T00:00:00,121.982
2020-11-27T00:00:00,123.7
2020-11-28T00:00:00,130.079
2020-11-29T00:00:00,128.405
2020-11-30T00:00:00,121.148
2020-12-01T00:00:00,117.318
2020-12-02T00:00:00,122.975
2020-12-03T00:00:00,119.31
2020-12-04T00:00:00,139.966
2020-12-05T00:00:00,145.894
2020-12-06T00:00:00,165.858
2020-12-07T00:00:00,171.176
2020-12-08T00:00:00,157.37
2020-12-09T00:00:00,161.822
2020-12-10T00:00:00,162.008
2020-12-11T00:00:00,186.236
2020-12-12T00:00:00,178.054
2020-12-13T00:00:00,180.85
2020-12-14T00:00:00,234.617
2020-12-15T00:00:00,279.884
2020-12-16T00:00:00,242.695
2020-12-17T00:00:00,249.378
2020-12-18T00:00:00,249.521
2020-12-19T00:00:00,241.283
2020-12-20T00:00:00,238.934
2020-12-21T00:00:00,270.543
2020-12-22T00:00:00,265.496
2020-12-23T00:00:00,368.903
2020-12-24T00:00:00,448.822
2020-12-25T00:00:00,413.913
2020-12-26T00:00:00,352.207
2020-12-27T00:00:00,376.655
2020-12-28T00:00:00,452.501
2020-12-29T00:00:00,587.492
2020-12-30T00:00:00,631.924
2020-12-31T00:00:00,586.855
2021-01-01T00:00:00,592.842
2021-01-02T00:00:00,553.307
2021-01-03T00:00:00,540.489
2021-01-04T00:00:00,520.539
2021-01-05T00:00:00,502.507
2021-01-06T00:00:00,475.349
2021-01-07T00:00:00,450.529
2021-01-08T00:00:00,418.86
2021-01-09T00:00:00,391.434
2021-01-10T00:00:00,362.623
2021-01-11T00:00:00,331.044
2021-01-12T00:00:00,293.819
2021-01-13T00:00:00,365.243
2021-01-14T00:00:00,435.02
2021-01-15T00:00:00,595.592
2021-01-16T00:00:00,677.217
2021-01-17T00:00:00,690.418
2021-01-18T00:00:00,757.48
2021-01-19T00:00:00,771.339
2021-01-20T00:00:00,770.017
2021-01-21T00:00:00,767.354
2021-01-22T00:00:00,825.938
2021-01-23T00:00:00,915.374
2021-01-24T00:00:00,971.126
2021-01-25T00:00:00,977.672
2021-01-26T00:00:00,947.185
2021-01-27T00:00:00,918.293
2021-01-28T00:00:00,904.734
2021-01-29T00:00:00,945.195
2021-01-30T00:00:00,1051.596
2021-01-31T00:00:00,1128.342
2021-02-01T00:00:00,1200.298
2021-02-02T00:00:00,1234.087
2021-02-03T00:00:00,1248.056
2021-02-04T00:00:00,1250.968
2021-02-05T00:00:00,1253.247
2021-02-06T00:00:00,1269.181
2021-02-07T00:00:00,1298.751
2021-02-08T00:00:00,1299.943
2021-02-09T00:00:00,1302.178
2021-02-10T00:00:00,1284.851
2021-02-11T00:00:00,1229.614
2021-02-12T00:00:00,1178.329
2021-02-13T00:00:00,1128.238
2021-02-14T00:00:00,1066.466
2021-02-15T00:00:00,994.428
2021-02-16T00:00:00,942.897
2021-02-17T00:00:00,910.689
2021-02-18T00:00:00,868.438
2021-02-19T00:00:00,822.032
2021-02-20T00:00:00,787.77
2021-02-21T00:00:00,743.961
2021-02-22T00:00:00,688.05
2021-02-23T00:00:00,653.293
2021-02-24T00:00:00,608.256
2021-02-25T00:00:00,574.086
2021-02-26T00:00:00,544.024
2021-02-27T00:00:00,508.95
2021-02-28T00:00:00,487.589
2021-03-01T00:00:00,460.008
2021-03-02T00:00:00,425.271
2021-03-03T00:00:00,413.351
2021-03-04T00:00:00,397.531
2021-03-05T00:00:00,368.39
2021-03-06T00:00:00,367.286
2021-03-07T00:00:00,362.027
2021-03-08T00:00:00,345.857
2021-03-09T00:00:00,317.907
2021-03-10T00:00:00,317.138
2021-03-11T00:00:00,319.822
2021-03-12T00:00:00,316.357
2021-03-13T00:00:00,332.154
2021-03-14T00:00:00,332.761
2021-03-15T00:00:00,349.598
2021-03-16T00:00:00,364.361
2021-03-17T00:00:00,400.717
2021-03-18T00:00:00,467.753
2021-03-19T00:00:00,513.471
2021-03-20T00:00:00,511.249
2021-03-21T00:00:00,518.901
2021-03-22T00:00:00,514.096
2021-03-23T00:00:00,506.912
2021-03-24T00:00:00,487.013
2021-03-25T00:00:00,472.047
2021-03-26T00:00:00,439.874
2021-03-27T00:00:00,419.858
2021-03-28T00:00:00,405.63
2021-03-29T00:00:00,387.826
2021-03-30T00:00:00,363.423
2021-03-31T00:00:00,331.471
2021-04-01T00:00:00,335.177
2021-04-02T00:00:00,323.612
2021-04-03T00:00:00,298.963
2021-04-04T00:00:00,300.859
2021-04-05T00:00:00,296.289
2021-04-06T00:00:00,278.717
2021-04-07T00:00:00,276.44
2021-04-08T00:00:00,267.338
2021-04-09T00:00:00,250.079
2021-04-10T00:00:00,287.482
2021-04-11T00:00:00,296.214
2021-04-12T00:00:00,293.616
2021-04-13T00:00:00,288.31
2021-04-14T00:00:00,285.158
2021-04-15T00:00:00,274.744
2021-04-16T00:00:00,255.797
2021-04-17T00:00:00,248.431
2021-04-18T00:00:00,241.95
2021-04-19T00:00:00,237.547
2021-04-20T00:00:00,211.469
2021-04-21T00:00:00,215.725
2021-04-22T00:00:00,215.137
2021-04-23T00:00:00,192.904
2021-04-24T00:00:00,201.501
2021-04-25T00:00:00,196.56
2021-04-26T00:00:00,195.435
2021-04-27T00:00:00,181.214
2021-04-28T00:00:00,182.802
2021-04-29T00:00:00,198.965
2021-04-30T00:00:00,182.256
2021-05-01T00:00:00,187.67
2021-05-02T00:00:00,186.444
2021-05-03T00:00:00,176.313
2021-05-04T00:00:00,188.255
2021-05-05T00:00:00,173.806
2021-05-06T00:00:00,187.758
2021-05-07T00:00:00,217.61
2021-05-08T00:00:00,228.561
2021-05-09T00:00:00,224.298
2021-05-10T00:00:00,222.975
2021-05-11T00:00:00,214.729
2021-05-12T00:00:00,214.511
2021-05-13T00:00:00,223.504
2021-05-14T00:00:00,229.817
2021-05-15T00:00:00,229.334
2021-05-16T00:00:00,239.591
2021-05-17T00:00:00,258.836
2021-05-18T00:00:00,264.301
2021-05-19T00:00:00,271.176
2021-05-20T00:00:00,276.846
2021-05-21T00:00:00,303.571
2021-05-22T00:00:00,306.695
2021-05-23T00:00:00,296.828
2021-05-24T00:00:00,291.524
2021-05-25T00:00:00,282.001
2021-05-26T00:00:00,293.768
2021-05-27T00:00:00,273.996
2021-05-28T00:00:00,274.789
2021-05-29T00:00:00,274.673
2021-05-30T00:00:00,259.447
2021-05-31T00:00:00,242.426
2021-06-01T00:00:00,232.148
2021-06-02T00:00:00,215.157
2021-06-03T00:00:00,237.49
2021-06-04T00:00:00,277.531
2021-06-05T00:00:00,249.178
2021-06-06T00:00:00,304.066
2021-06-07T00:00:00,302.49
2021-06-08T00:00:00,302.535
2021-06-09T00:00:00,270.552
2021-06-10T00:00:00,273.706
2021-06-11T00:00:00,253.489
2021-06-12T00:00:00,227.571
2021-06-13T00:00:00,226.252
2021-06-14T00:00:00,212.048
2021-06-15T00:00:00,187.83
2021-06-16T00:00:00,189.492
2021-06-17T00:00:00,195.538
2021-06-18T00:00:00,205.924
2021-06-19T00:00:00,231.566
2021-06-20T00:00:00,261.293
2021-06-21T00:00:00,233.987
2021-06-22T00:00:00,235.917
2021-06-23T00:00:00,214.142
2021-06-24T00:00:00,187.146
2021-06-25T00:00:00,195.154
2021-06-26T00:00:00,211.095
2021-06-27T00:00:00,198.933
2021-06-28T00:00:00,220.301
2021-06-29T00:00:00,223.479
2021-06-30T00:00:00,230.754
2021-07-01T00:00:00,232.733
2021-07-02T00:00:00,226.333
2021-07-03T00:00:00,206.421
2021-07-04T00:00:00,228.342
2021-07-05T00:00:00,247.362
2021-07-06T00:00:00,236.593
2021-07-07T00:00:00,209.008
2021-07-08T00:00:00,206.481
2021-07-09T00:00:00,210.079
2021-07-10T00:00:00,204.814
2021-07-11T00:00:00,204.479
2021-07-12T00:00:00,225.538
2021-07-13T00:00:00,306.607
2021-07-14T00:00:00,450.427
2021-07-15T00:00:00,450.337
2021-07-16T00:00:00,363.628
2021-07-17T00:00:00,444.491
2021-07-18T00:00:00,489.707
2021-07-19T00:00:00,481.237
2021-07-20T00:00:00,439.122
2021-07-21T00:00:00,470.715
2021-07-22T00:00:00,446.027
2021-07-23T00:00:00,452.304
2021-07-24T00:00:00,452.1
2021-07-25T00:00:00,476.193
2021-07-26T00:00:00,536.786
2021-07-27T00:00:00,533.505
2021-07-28T00:00:00,467.55
2021-07-29T00:00:00,404.666
2021-07-30T00:00:00,385.364
2021-07-31T00:00:00,364.097
2021-08-01T00:00:00,334.872
2021-08-02T00:00:00,314.143
2021-08-03T00:00:00,330.018
2021-08-04T00:00:00,310.961
2021-08-05T00:00:00,302.762
2021-08-06T00:00:00,310.952
2021-08-07T00:00:00,317.934
2021-08-08T00:00:00,314.378
2021-08-09T00:00:00,307.581
2021-08-10T00:00:00,304.974
2021-08-11T00:00:00,303.214
2021-08-12T00:00:00,288.717
2021-08-13T00:00:00,277.051
2021-08-14T00:00:00,251.209
2021-08-15T00:00:00,253.875
2021-08-16T00:00:00,254.989
2021-08-17T00:00:00,247.161
2021-08-18T00:00:00,224.022
2021-08-19T00:00:00,241.075
2021-08-20T00:00:00,229.13
2021-08-21T00:00:00,222.242
2021-08-22T00:00:00,228.277
2021-08-23T00:00:00,236.33
2021-08-24T00:00:00,222.667
2021-08-25T00:00:00,221.751
2021-08-26T00:00:00,221.695
2021-08-27T00:00:00,222.076
2021-08-28T00:00:00,202.311
2021-08-29T00:00:00,209.56
2021-08-30T00:00:00,206.134
2021-08-31T00:00:00,207.756
2021-09-01T00:00:00,201.16
2021-09-02T00:00:00,202.977
2021-09-03T00:00:00,198.225
2021-09-04T00:00:00,198.894
2021-09-05T00:00:00,193.05
2021-09-06T00:00:00,196.09
2021-09-07T00:00:00,182.5
2021-09-08T00:00:00,182.761
2021-09-09T00:00:00,196.667
2021-09-10T00:00:00,198.713
2021-09-11T00:00:00,201.763
2021-09-12T00:00:00,194.128
2021-09-13T00:00:00,191.708
2021-09-14T00:00:00,231.125
2021-09-15T00:00:00,238.75
2021-09-16T00:00:00,233.433
2021-09-17T00:00:00,209.025
2021-09-18T00:00:00,195.21
2021-09-19T00:00:00,187.69
2021-09-20T00:00:00,231.093
2021-09-21T00:00:00,239.966
2021-09-22T00:00:00,214.356
2021-09-23T00:00:00,209.032
2021-09-24T00:00:00,196.607
2021-09-25T00:00:00,191.004
2021-09-26T00:00:00,203.767
2021-09-27T00:00:00,197.017
2021-09-28T00:00:00,195.531
2021-09-29T00:00:00,191.918
2021-09-30T00:00:00,185.674
2021-10-01T00:00:00,187.518
2021-10-02T00:00:00,192.838
2021-10-03T00:00:00,229.847
2021-10-04T00:00:00,220.495
2021-10-05T00:00:00,222.897
2021-10-06T00:00:00,190.902
2021-10-07T00:00:00,209.052
2021-10-08T00:00:00,194.195
2021-10-09T00:00:00,193.07
2021-10-10T00:00:00,186.91
2021-10-11T00:00:00,218.095
2021-10-12T00:00:00,203.715
2021-10-13T00:00:00,183.206
2021-10-14T00:00:00,173.56
2021-10-15T00:00:00,181.394
2021-10-16T00:00:00,189.755
2021-10-17T00:00:00,171.219
2021-10-18T00:00:00,170.171
2021-10-19T00:00:00,175.981
2021-10-20T00:00:00,177.085
2021-10-21T00:00:00,176.583
2021-10-22T00:00:00,180.873
2021-10-23T00:00:00,181.405
2021-10-24T00:00:00,175.785
2021-10-25T00:00:00,184.392
2021-10-26T00:00:00,191.019
2021-10-27T00:00:00,177.074
2021-10-28T00:00:00,174.445
2021-10-29T00:00:00,188.165
2021-10-30T00:00:00,231.778
2021-10-31T00:00:00,205.19
2021-11-01T00:00:00,211.181
2021-11-02T00:00:00,220.648
2021-11-03T00:00:00,247.788
2021-11-04T00:00:00,270.198
2021-11-05T00:00:00,262.721
2021-11-06T00:00:00,254.102
2021-11-07T00:00:00,249.283
2021-11-08T00:00:00,246.454
2021-11-09T00:00:00,233.196
2021-11-10T00:00:00,211.828
2021-11-11T00:00:00,212.731
2021-11-12T00:00:00,185.694
2021-11-13T00:00:00,188.983
2021-11-14T00:00:00,170.659
2021-11-15T00:00:00,158.667
2021-11-16T00:00:00,162.586
2021-11-17T00:00:00,152.999
2021-11-18T00:00:00,152.769
2021-11-19T00:00:00,157.438
2021-11-20T00:00:00,147.708
2021-11-21T00:00:00,142.664
2021-11-22T00:00:00,134.563
2021-11-23T00:00:00,143.422
2021-11-24T00:00:00,136.811
2021-11-25T00:00:00,139.488
2021-11-26T00:00:00,141.456
2021-11-27T00:00:00,154.12
2021-11-28T00:00:00,169.288
2021-11-29T00:00:00,156.669
2021-11-30T00:00:00,152.158
2021-12-01T00:00:00,212.673
2021-12-02T00:00:00,193.248
2021-12-03T00:00:00,229.684
2021-12-04T00:00:00,286.867
2021-12-05T00:00:00,416.593
2021-12-06T00:00:00,493.471
2021-12-07T00:00:00,510.919
2021-12-08T00:00:00,547.183
2021-12-09T00:00:00,521.262
2021-12-10T00:00:00,555.218
2021-12-11T00:00:00,560.596
2021-12-12T00:00:00,559.954
2021-12-13T00:00:00,518.305
2021-12-14T00:00:00,485.066
2021-12-15T00:00:00,467.589
2021-12-16T00:00:00,444.442
2021-12-17T00:00:00,407.028
2021-12-18T00:00:00,393.166
2021-12-19T00:00:00,354.443
2021-12-20T00:00:00,340.496
2021-12-21T00:00:00,303.324
2021-12-22T00:00:00,294.085
2021-12-23T00:00:00,282.84
2021-12-24T00:00:00,264.731
2021-12-25T00:00:00,285.76
2021-12-26T00:00:00,299.833
2021-12-27T00:00:00,340.919
2021-12-28T00:00:00,440.224
2021-12-29T00:00:00,542.018
2021-12-30T00:00:00,637.189
2021-12-31T00:00:00,690.523
2022-01-01T00:00:00,681.266
2022-01-02T00:00:00,612.592
2022-01-03T00:00:00,600.497
2022-01-04T00:00:00,675.224
2022-01-05T00:00:00,790.548
2022-01-06T00:00:00,815.626
2022-01-07T00:00:00,725.604
2022-01-08T00:00:00,684.837
2022-01-09T00:00:00,797.778
2022-01-10T00:00:00,941.497
2022-01-11T00:00:00,964.35
2022-01-12T00:00:00,922.802
2022-01-13T00:00:00,825.378
2022-01-14T00:00:00,782.121
2022-01-15T00:00:00,766.27
2022-01-16T00:00:00,753.851
2022-01-17T00:00:00,722.146
2022-01-18T00:00:00,683.156
2022-01-19T00:00:00,634.047
2022-01-20T00:00:00,570.351
2022-01-21T00:00:00,517.06
2022-01-22T00:00:00,492.353
2022-01-23T00:00:00,487.288
2022-01-24T00:00:00,450.645
2022-01-25T00:00:00,385.146
2022-01-26T00:00:00,371.825
2022-01-27T00:00:00,340.625
2022-01-28T00:00:00,318.869
2022-01-29T00:00:00,311.242
2022-01-30T00:00:00,307.591
2022-01-31T00:00:00,298.388
2022-02-01T00:00:00,294.028
2022-02-02T00:00:00,289.413
2022-02-03T00:00:00,284.223
2022-02-04T00:00:00,289.879
2022-02-05T00:00:00,289.359
2022-02-06T00:00:00,294.366
2022-02-07T00:00:00,326.985
2022-02-08T00:00:00,339.521
2022-02-09T00:00:00,339.154
2022-02-10T00:00:00,345.497
2022-02-11T00:00:00,345.922
2022-02-12T00:00:00,339.227
2022-02-13T00:00:00,332.032
2022-02-14T00:00:00,329.682
2022-02-15T00:00:00,321.178
2022-02-16T00:00:00,327.97
2022-02-17T00:00:00,367.961
2022-02-18T00:00:00,413.879
2022-02-19T00:00:00,401.164
2022-02-20T00:00:00,387.401
2022-02-21T00:00:00,387.72
2022-02-22T00:00:00,380.899
2022-02-23T00:00:00,374.845
2022-02-24T00:00:00,366.969
2022-02-25T00:00:00,367.475
2022-02-26T00:00:00,365.148
2022-02-27T00:00:00,344.191
2022-02-28T00:00:00,338.939
2022-03-01T00:00:00,321.022
2022-03-02T00:00:00,310.283
2022-03-03T00:00:00,310.207
2022-03-04T00:00:00,309.555
2022-03-05T00:00:00,302.358
2022-03-06T00:00:00,298.67
2022-03-07T00:00:00,288.625
2022-03-08T00:00:00,266.738
2022-03-09T00:00:00,260.286
2022-03-10T00:00:00,246.194
2022-03-11T00:00:00,255.379
2022-03-12T00:00:00,241.145
2022-03-13T00:00:00,241.284
2022-03-14T00:00:00,231.994
2022-03-15T00:00:00,240.313
2022-03-16T00:00:00,250.947
2022-03-17T00:00:00,252.541
2022-03-18T00:00:00,243.157
2022-03-19T00:00:00,220.45
2022-03-20T00:00:00,222.278
2022-03-21T00:00:00,215.333
2022-03-22T00:00:00,210.323
2022-03-23T00:00:00,204.358
2022-03-24T00:00:00,204.554
2022-03-25T00:00:00,194.403
2022-03-26T00:00:00,194.396
2022-03-27T00:00:00,185.492
2022-03-28T00:00:00,175.531
2022-03-29T00:00:00,185.919
2022-03-30T00:00:00,194.881
2022-03-31T00:00:00,206.573
2022-04-01T00:00:00,197.877
2022-04-02T00:00:00,197.666
2022-04-03T00:00:00,186.107
2022-04-04T00:00:00,181.344
2022-04-05T00:00:00,169.337
2022-04-06T00:00:00,170.527
2022-04-07T00:00:00,186.322
2022-04-08T00:00:00,289.562
2022-04-09T00:00:00,397.36
2022-04-10T00:00:00,443.928
2022-04-11T00:00:00,415.919
2022-04-12T00:00:00,429.355
2022-04-13T00:00:00,400.777
2022-04-14T00:00:00,363.166
2022-04-15T00:00:00,330.281
2022-04-16T00:00:00,294.474
2022-04-17T00:00:00,291.562
2022-04-18T00:00:00,260.054
2022-04-19T00:00:00,258.276
2022-04-20T00:00:00,244.002
2022-04-21T00:00:00,226.106
2022-04-22T00:00:00,216.424
2022-04-23T00:00:00,219.988
2022-04-24T00:00:00,213.048
2022-04-25T00:00:00,205.807
2022-04-26T00:00:00,189.201
2022-04-27T00:00:00,191.848
2022-04-28T00:00:00,196.449
2022-04-29T00:00:00,186.928
2022-04-30T00:00:00,179.2
2022-05-01T00:00:00,173.043
2022-05-02T00:00:00,179.793
2022-05-03T00:00:00,173.595
2022-05-04T00:00:00,169.333
2022-05-05T00:00:00,168.803
2022-05-06T00:00:00,154.862
2022-05-07T00:00:00,154.722
2022-05-08T00:00:00,150.605
2022-05-09T00:00:00,144.245
2022-05-10T00:00:00,140.147
2022-05-11T00:00:00,133.396
2022-05-12T00:00:00,129.709
2022-05-13T00:00:00,128.298
2022-05-14T00:00:00,118.941
2022-05-15T00:00:00,125.43
2022-05-16T00:00:00,134.659
2022-05-17T00:00:00,123.708
2022-05-18T00:00:00,119.921
2022-05-19T00:00:00,116.327
2022-05-20T00:00:00,110.783
2022-05-21T00:00:00,115.757
2022-05-22T00:00:00,113.234
2022-05-23T00:00:00,117.489
2022-05-24T00:00:00,118.195
2022-05-25T00:00:00,113.255
2022-05-26T00:00:00,111.917
2022-05-27T00:00:00,106.041
2022-05-28T00:00:00,108.091
2022-05-29T00:00:00,103.99
2022-05-30T00:00:00,107.528
2022-05-31T00:00:00,99.198
2022-06-01T00:00:00,95.058
2022-06-02T00:00:00,90.492
2022-06-03T00:00:00,97.438
2022-06-04T00:00:00,136.561
2022-06-05T00:00:00,147.531
2022-06-06T00:00:00,124.124
2022-06-07T00:00:00,121.291
2022-06-08T00:00:00,145.817
2022-06-09T00:00:00,131.844
2022-06-10T00:00:00,129.456
2022-06-11T00:00:00,113.086
2022-06-12T00:00:00,105.144
2022-06-13T00:00:00,103.533
2022-06-14T00:00:00,92.59
2022-06-15T00:00:00,100.932
2022-06-16T00:00:00,91.302
2022-06-17T00:00:00,83.399
2022-06-18T00:00:00,77.425
2022-06-19T00:00:00,80.368
2022-06-20T00:00:00,122.286
2022-06-21T00:00:00,103.01
2022-06-22T00:00:00,111.231
2022-06-23T00:00:00,116.376
2022-06-24T00:00:00,122.239
2022-06-25T00:00:00,104.711
2022-06-26T00:00:00,119.173
2022-06-27T00:00:00,111.564
2022-06-28T00:00:00,106.736
2022-06-29T00:00:00,104.08
2022-06-30T00:00:00,136.625
2022-07-01T00:00:00,138.466
2022-07-02T00:00:00,129.263
2022-07-03T00:00:00,121.814
2022-07-04T00:00:00,110.144
2022-07-05T00:00:00,98.981
2022-07-06T00:00:00,97.757
2022-07-07T00:00:00,96.633
2022-07-08T00:00:00,96.453
2022-07-09T00:00:00,90.872
2022-07-10T00:00:00,92.171
2022-07-11T00:00:00,89.512
2022-07-12T00:00:00,89.039
2022-07-13T00:00:00,84.262
2022-07-14T00:00:00,81.284
2022-07-15T00:00:00,84.57
2022-07-16T00:00:00,77.729
2022-07-17T00:00:00,74.618
2022-07-18T00:00:00,74.536
2022-07-19T00:00:00,75.549
2022-07-20T00:00:00,87.614
2022-07-21T00:00:00,88.792
2022-07-22T00:00:00,83.751
2022-07-23T00:00:00,82.143
2022-07-24T00:00:00,86.351
2022-07-25T00:00:00,90.742
2022-07-26T00:00:00,77.671
2022-07-27T00:00:00,82.149
2022-07-28T00:00:00,87.159
2022-07-29T00:00:00,80.281
2022-07-30T00:00:00,84.638
2022-07-31T00:00:00,81.13
2022-08-01T00:00:00,85.825
2022-08-02T00:00:00,82.78
2022-08-03T00:00:00,81.517
2022-08-04T00:00:00,84.627
2022-08-05T00:00:00,97.095
2022-08-06T00:00:00,88.162
2022-08-07T00:00:00,87.219
2022-08-08T00:00:00,86.051
2022-08-09T00:00:00,85.231
2022-08-10T00:00:00,85.414
2022-08-11T00:00:00,81.458
2022-08-12T00:00:00,81.056
2022-08-13T00:00:00,81.429
2022-08-14T00:00:00,85.799
2022-08-15T00:00:00,99.797
2022-08-16T00:00:00,119.352
2022-08-17T00:00:00,120.626
2022-08-18T00:00:00,110.343
2022-08-19T00:00:00,103.237
2022-08-20T00:00:00,99.454
2022-08-21T00:00:00,99.805
2022-08-22T00:00:00,100.956
2022-08-23T00:00:00,97.727
2022-08-24T00:00:00,98.433
2022-08-25T00:00:00,95.909
2022-08-26T00:00:00,94.385
2022-08-27T00:00:00,98.434
2022-08-28T00:00:00,85.52
2022-08-29T00:00:00,93.678
2022-08-30T00:00:00,85.796
2022-08-31T00:00:00,81.356
2022-09-01T00:00:00,87.725
2022-09-02T00:00:00,97.788
2022-09-03T00:00:00,91.13
2022-09-04T00:00:00,89.032
2022-09-05T00:00:00,91.05
2022-09-06T00:00:00,90.398
2022-09-07T00:00:00,88.337
2022-09-08T00:00:00,103.819
2022-09-09T00:00:00,111.662
2022-09-10T00:00:00,130.244
2022-09-11T00:00:00,110.324
2022-09-12T00:00:00,101.055
2022-09-13T00:00:00,107.183
2022-09-14T00:00:00,104.839
2022-09-15T00:00:00,105.477
2022-09-16T00:00:00,107.24
2022-09-17T00:00:00,109.59
2022-09-18T00:00:00,104.825
2022-09-19T00:00:00,106.042
2022-09-20T00:00:00,104.542
2022-09-21T00:00:00,105.835
2022-09-22T00:00:00,108.934
2022-09-23T00:00:00,107.548
2022-09-24T00:00:00,110.811
2022-09-25T00:00:00,107.562
2022-09-26T00:00:00,119.245
2022-09-27T00:00:00,119.901
2022-09-28T00:00:00,116.1
2022-09-29T00:00:00,146.358
2022-09-30T00:00:00,119.121
2022-10-01T00:00:00,125.377
2022-10-02T00:00:00,131.961
2022-10-03T00:00:00,134.341
2022-10-04T00:00:00,137.305
2022-10-05T00:00:00,146.737
2022-10-06T00:00:00,138.474
2022-10-07T00:00:00,137.507
2022-10-08T00:00:00,138.253
2022-10-09T00:00:00,133.675
2022-10-10T00:00:00,141.495
2022-10-11T00:00:00,166.8
2022-10-12T00:00:00,129.415
2022-10-13T00:00:00,125.665
2022-10-14T00:00:00,132.169
2022-10-15T00:00:00,146.601
2022-10-16T00:00:00,140.967
2022-10-17T00:00:00,156.186
2022-10-18T00:00:00,188.181
2022-10-19T00:00:00,181.395
2022-10-20T00:00:00,181.89
2022-10-21T00:00:00,241.531
2022-10-22T00:00:00,209.391
2022-10-23T00:00:00,198.092
2022-10-24T00:00:00,188.596
2022-10-25T00:00:00,227.808
2022-10-26T00:00:00,228.728
2022-10-27T00:00:00,219.509
2022-10-28T00:00:00,207.807
2022-10-29T00:00:00,197.513
2022-10-30T00:00:00,184.972
2022-10-31T00:00:00,180.121
2022-11-01T00:00:00,173.141
2022-11-02T00:00:00,170.646
2022-11-03T00:00:00,166.516
2022-11-04T00:00:00,165.249
2022-11-05T00:00:00,166.1
2022-11-06T00:00:00,165.645
2022-11-07T00:00:00,160.668
2022-11-08T00:00:00,157.623
2022-11-09T00:00:00,145.815
2022-11-10T00:00:00,140.584
2022-11-11T00:00:00,136.771
2022-11-12T00:00:00,146.27
2022-11-13T00:00:00,152.073
2022-11-14T00:00:00,173.669
2022-11-15T00:00:00,187.888
2022-11-16T00:00:00,184.949
2022-11-17T00:00:00,190.703
2022-11-18T00:00:00,172.142
2022-11-19T00:00:00,157.855
2022-11-20T00:00:00,169.29
2022-11-21T00:00:00,192.983
2022-11-22T00:00:00,202.223
2022-11-23T00:00:00,207.533
2022-11-24T00:00:00,202.95
2022-11-25T00:00:00,184.57
2022-11-26T00:00:00,173.731
2022-11-27T00:00:00,168.665
2022-11-28T00:00:00,180.129
2022-11-29T00:00:00,155.016
2022-11-30T00:00:00,153.311
2022-12-01T00:00:00,147.555
2022-12-02T00:00:00,139.956
2022-12-03T00:00:00,138.904
2022-12-04T00:00:00,137.675
2022-12-05T00:00:00,146.043
2022-12-06T00:00:00,145.916
2022-12-07T00:00:00,147.134
2022-12-08T00:00:00,161.362
2022-12-09T00:00:00,169.747
2022-12-10T00:00:00,163.029
2022-12-11T00:00:00,160.472
2022-12-12T00:00:00,147.204
2022-12-13T00:00:00,145.219
2022-12-14T00:00:00,140.127
2022-12-15T00:00:00,137.884
2022-12-16T00:00:00,141.616
2022-12-17T00:00:00,139.503
2022-12-18T00:00:00,138.121
2022-12-19T00:00:00,139.526
2022-12-20T00:00:00,138.327
2022-12-21T00:00:00,143.924
2022-12-22T00:00:00,179.459
2022-12-23T00:00:00,216.682
2022-12-24T00:00:00,293.894
2022-12-25T00:00:00,295.974
2022-12-26T00:00:00,325.443
2022-12-27T00:00:00,345.449
2022-12-28T00:00:00,351.225
2022-12-29T00:00:00,368.495
2022-12-30T00:00:00,357.453
2022-12-31T00:00:00,358.855
2023-01-01T00:00:00,349.542
2023-01-02T00:00:00,337.403
2023-01-03T00:00:00,304.55
2023-01-04T00:00:00,303.025
2023-01-05T00:00:00,293.125
2023-01-06T00:00:00,286.814
2023-01-07T00:00:00,274.897
2023-01-08T00:00:00,277.112
2023-01-09T00:00:00,298.891
2023-01-10T00:00:00,345.169
2023-01-11T00:00:00,405.529
2023-01-12T00:00:00,412.518
2023-01-13T00:00:00,422.318
2023-01-14T00:00:00,437.661
2023-01-15T00:00:00,493.946
2023-01-16T00:00:00,575.25
2023-01-17T00:00:00,605.285
2023-01-18T00:00:00,657.034
2023-01-19T00:00:00,645.789
2023-01-20T00:00:00,648.932
2023-01-21T00:00:00,629.012
2023-01-22T00:00:00,602.146
2023-01-23T00:00:00,612.659
2023-01-24T00:00:00,614.685
2023-01-25T00:00:00,600.009
2023-01-26T00:00:00,565.8
2023-01-27T00:00:00,500.324
2023-01-28T00:00:00,439.884
2023-01-29T00:00:00,399.524
2023-01-30T00:00:00,362.871
2023-01-31T00:00:00,346.413
2023-02-01T00:00:00,322.734
2023-02-02T00:00:00,303.464
2023-02-03T00:00:00,288.702
2023-02-04T00:00:00,276.555
2023-02-05T00:00:00,257.506
2023-02-06T00:00:00,237.728
2023-02-07T00:00:00,234.689
2023-02-08T00:00:00,223.393
2023-02-09T00:00:00,218.654
2023-02-10T00:00:00,219.26
2023-02-11T00:00:00,215.193
2023-02-12T00:00:00,205.741
2023-02-13T00:00:00,191.275
2023-02-14T00:00:00,189.494
2023-02-15T00:00:00,178.128
2023-02-16T00:00:00,182.989
2023-02-17T00:00:00,181.448
2023-02-18T00:00:00,179.28
2023-02-19T00:00:00,174.564
2023-02-20T00:00:00,168.633
2023-02-21T00:00:00,169.231
2023-02-22T00:00:00,167.043
2023-02-23T00:00:00,173.164
2023-02-24T00:00:00,167.611
2023-02-25T00:00:00,164.951
2023-02-26T00:00:00,170.852
2023-02-27T00:00:00,168.38
2023-02-28T00:00:00,155.973
2023-03-01T00:00:00,142.404
2023-03-02T00:00:00,148.976
2023-03-03T00:00:00,165.718
2023-03-04T00:00:00,157.595
2023-03-05T00:00:00,151.228
2023-03-06T00:00:00,137.13
2023-03-07T00:00:00,146.554
2023-03-08T00:00:00,177.098
2023-03-09T00:00:00,209.366
2023-03-10T00:00:00,266.485
2023-03-11T00:00:00,260.342
2023-03-12T00:00:00,266.01
2023-03-13T00:00:00,256.813
2023-03-14T00:00:00,274.764
2023-03-15T00:00:00,275.117
2023-03-16T00:00:00,286.614
2023-03-17T00:00:00,313.232
2023-03-18T00:00:00,296.525
2023-03-19T00:00:00,285.842
2023-03-20T00:00:00,271.287
2023-03-21T00:00:00,265.419
2023-03-22T00:00:00,240.901
2023-03-23T00:00:00,251.676
2023-03-24T00:00:00,231.925
2023-03-25T00:00:00,222.697
2023-03-26T00:00:00,229.57
2023-03-27T00:00:00,247.142
2023-03-28T00:00:00,259.516
2023-03-29T00:00:00,255.303
2023-03-30T00:00:00,257.943
2023-03-31T00:00:00,262.515
2023-04-01T00:00:00,260.898
2023-04-02T00:00:00,291.36
2023-04-03T00:00:00,319.463
2023-04-04T00:00:00,354.743
2023-04-05T00:00:00,391.631
2023-04-06T00:00:00,388.294
2023-04-07T00:00:00,396.215
2023-04-08T00:00:00,398.493
2023-04-09T00:00:00,404.081
2023-04-10T00:00:00,410.259
2023-04-11T00:00:00,390.313
2023-04-12T00:00:00,383.238
2023-04-13T00:00:00,392.386
2023-04-14T00:00:00,394.284
2023-04-15T00:00:00,406.749
2023-04-16T00:00:00,383.821
2023-04-17T00:00:00,361.193
2023-04-18T00:00:00,351.414
2023-04-19T00:00:00,332.594
2023-04-20T00:00:00,316.566
2023-04-21T00:00:00,294.352
2023-04-22T00:00:00,303.932
2023-04-23T00:00:00,295.906
2023-04-24T00:00:00,276.947
2023-04-25T00:00:00,282.123
2023-04-26T00:00:00,289.903
2023-04-27T00:00:00,280.445
2023-04-28T00:00:00,294.473
2023-04-29T00:00:00,280.879
2023-04-30T00:00:00,256.358
2023-05-01T00:00:00,252.246
2023-05-02T00:00:00,240.628
2023-05-03T00:00:00,224.291
2023-05-04T00:00:00,208.584
2023-05-05T00:00:00,204.425
2023-05-06T00:00:00,206.367
2023-05-07T00:00:00,255.516
2023-05-08T00:00:00,223.808
2023-05-09T00:00:00,229.488
2023-05-10T00:00:00,238.579
2023-05-11T00:00:00,298.017
2023-05-12T00:00:00,304.546
2023-05-13T00:00:00,273.926
2023-05-14T00:00:00,275.401
2023-05-15T00:00:00,257.845
2023-05-16T00:00:00,239.52
2023-05-17T00:00:00,222.336
2023-05-18T00:00:00,212.928
2023-05-19T00:00:00,204.584
2023-05-20T00:00:00,188.909
2023-05-21T00:00:00,178.763
2023-05-22T00:00:00,176.666
2023-05-23T00:00:00,148.54
2023-05-24T00:00:00,160.097
2023-05-25T00:00:00,151.793
2023-05-26T00:00:00,145.002
2023-05-27T00:00:00,134.172
2023-05-28T00:00:00,135.625
2023-05-29T00:00:00,125.154
2023-05-30T00:00:00,132.172
2023-05-31T00:00:00,117.77
2023-06-01T00:00:00,110.499
2023-06-02T00:00:00,93.744
2023-06-03T00:00:00,102.567
2023-06-04T00:00:00,104.348
2023-06-05T00:00:00,106.455
2023-06-06T00:00:00,98.312
2023-06-07T00:00:00,97.168
2023-06-08T00:00:00,95.009
2023-06-09T00:00:00,90.858
2023-06-10T00:00:00,89.499
2023-06-11T00:00:00,95.108
2023-06-12T00:00:00,99.787
2023-06-13T00:00:00,95.983
2023-06-14T00:00:00,90.483
2023-06-15T00:00:00,88.941
2023-06-16T00:00:00,78.051
2023-06-17T00:00:00,81.54
2023-06-18T00:00:00,94.263
2023-06-19T00:00:00,102.472
2023-06-20T00:00:00,97.777
2023-06-21T00:00:00,111.91
2023-06-22T00:00:00,170.651
2023-06-23T00:00:00,172.194
2023-06-24T00:00:00,173.938
2023-06-25T00:00:00,136.947
2023-06-26T00:00:00,112.968
2023-06-27T00:00:00,109.491
2023-06-28T00:00:00,102.499
2023-06-29T00:00:00,92.729
2023-06-30T00:00:00,100.215
2023-07-01T00:00:00,94.216
2023-07-02T00:00:00,89.825
2023-07-03T00:00:00,98.385
2023-07-04T00:00:00,97.634
2023-07-05T00:00:00,106.83
2023-07-06T00:00:00,99.274
2023-07-07T00:00:00,94.367
2023-07-08T00:00:00,87.618
2023-07-09T00:00:00,89.946
2023-07-10T00:00:00,91.68
2023-07-11T00:00:00,88.225
2023-07-12T00:00:00,84.243
2023-07-13T00:00:00,82.926
2023-07-14T00:00:00,80.247
2023-07-15T00:00:00,85.535
2023-07-16T00:00:00,84.641
2023-07-17T00:00:00,82.046
2023-07-18T00:00:00,81.343
2023-07-19T00:00:00,84.971
2023-07-20T00:00:00,81.994
2023-07-21T00:00:00,80.138
2023-07-22T00:00:00,84.316
2023-07-23T00:00:00,84.081
2023-07-24T00:00:00,90.316
2023-07-25T00:00:00,140.796
2023-07-26T00:00:00,115.742
2023-07-27T00:00:00,104.343
2023-07-28T00:00:00,160.717
2023-07-29T00:00:00,154.463
2023-07-30T00:00:00,128.073
2023-07-31T00:00:00,125.289
2023-08-01T00:00:00,158.171
2023-08-02T00:00:00,256.071
2023-08-03T00:00:00,194.331
2023-08-04T00:00:00,192.191
2023-08-05T00:00:00,188.877
2023-08-06T00:00:00,179.67
2023-08-07T00:00:00,180.871
2023-08-08T00:00:00,169.362
2023-08-09T00:00:00,162.07
2023-08-10T00:00:00,155.024
2023-08-11T00:00:00,154.04
2023-08-12T00:00:00,179.378
2023-08-13T00:00:00,163.724
2023-08-14T00:00:00,151.207
2023-08-15T00:00:00,157.414
2023-08-16T00:00:00,149.799
2023-08-17T00:00:00,145.226
2023-08-18T00:00:00,143.908
2023-08-19T00:00:00,142.411
2023-08-20T00:00:00,145.603
2023-08-21T00:00:00,150.04
2023-08-22T00:00:00,148.128
2023-08-23T00:00:00,140.777
2023-08-24T00:00:00,138.744
2023-08-25T00:00:00,136.413
2023-08-26T00:00:00,135.09
2023-08-27T00:00:00,136.481
2023-08-28T00:00:00,136.702
2023-08-29T00:00:00,127.551
2023-08-30T00:00:00,127.615
2023-08-31T00:00:00,130.032
2023-09-01T00:00:00,124.77
2023-09-02T00:00:00,124.946
2023-09-03T00:00:00,124.552
2023-09-04T00:00:00,121.174
2023-09-05T00:00:00,119.308
2023-09-06T00:00:00,112.132
2023-09-07T00:00:00,112.576
2023-09-08T00:00:00,108.064
2023-09-09T00:00:00,107.101
2023-09-10T00:00:00,105.498
2023-09-11T00:00:00,110.227
2023-09-12T00:00:00,123.043
2023-09-13T00:00:00,128.717
2023-09-14T00:00:00,119.023
2023-09-15T00:00:00,118.303
2023-09-16T00:00:00,118.311
2023-09-17T00:00:00,115.055
2023-09-18T00:00:00,122.47
2023-09-19T00:00:00,118.872
2023-09-20T00:00:00,122.861
2023-09-21T00:00:00,163.713
2023-09-22T00:00:00,150.289
2023-09-23T00:00:00,136.885
2023-09-24T00:00:00,130.174
2023-09-25T00:00:00,124.043
2023-09-26T00:00:00,114.124
2023-09-27T00:00:00,112.996
2023-09-28T00:00:00,116.653
2023-09-29T00:00:00,112.537
2023-09-30T00:00:00,114.365
2023-10-01T00:00:00,110.925
2023-10-02T00:00:00,109.85
2023-10-03T00:00:00,114.644
2023-10-04T00:00:00,115.531
2023-10-05T00:00:00,111.485
2023-10-06T00:00:00,111.505
2023-10-07T00:00:00,110.462
2023-10-08T00:00:00,110.139
2023-10-09T00:00:00,109.673
2023-10-10T00:00:00,109.399
2023-10-11T00:00:00,107.53
2023-10-12T00:00:00,104.995
2023-10-13T00:00:00,101.316
2023-10-14T00:00:00,101.949
2023-10-15T00:00:00,98.768
2023-10-16T00:00:00,95.186
2023-10-17T00:00:00,96.156
2023-10-18T00:00:00,100.001
2023-10-19T00:00:00,105.006
2023-10-20T00:00:00,128.021
2023-10-21T00:00:00,139.924
2023-10-22T00:00:00,128.67
2023-10-23T00:00:00,134.844
2023-10-24T00:00:00,141.911
2023-10-25T00:00:00,152.655
2023-10-26T00:00:00,174.468
2023-10-27T00:00:00,231.816
2023-10-28T00:00:00,227.221
2023-10-29T00:00:00,262.502
2023-10-30T00:00:00,268.387
2023-10-31T00:00:00,297.425
2023-11-01T00:00:00,310.65
2023-11-02T00:00:00,335.065
2023-11-03T00:00:00,358.112
2023-11-04T00:00:00,364.66
2023-11-05T00:00:00,368.356
2023-11-06T00:00:00,377.398
2023-11-07T00:00:00,384.503
2023-11-08T00:00:00,360.873
2023-11-09T00:00:00,359.87
2023-11-10T00:00:00,373.217
2023-11-11T00:00:00,382.957
2023-11-12T00:00:00,380.161
2023-11-13T00:00:00,386.378
2023-11-14T00:00:00,415.803
2023-11-15T00:00:00,440.308
2023-11-16T00:00:00,519.675
2023-11-17T00:00:00,581.425
2023-11-18T00:00:00,632.407
2023-11-19T00:00:00,641.073
2023-11-20T00:00:00,653.996
2023-11-21T00:00:00,606.004
2023-11-22T00:00:00,575.444
2023-11-23T00:00:00,569.356
2023-11-24T00:00:00,556.376
2023-11-25T00:00:00,580.242
2023-11-26T00:00:00,587.008
2023-11-27T00:00:00,588.057
2023-11-28T00:00:00,592.146
2023-11-29T00:00:00,603.25
2023-11-30T00:00:00,595.551
2023-12-01T00:00:00,566.716
2023-12-02T00:00:00,539.272
2023-12-03T00:00:00,519.604
2023-12-04T00:00:00,512.845
2023-12-05T00:00:00,519.931
2023-12-06T00:00:00,561.23
2023-12-07T00:00:00,534.024
2023-12-08T00:00:00,530.745
2023-12-09T00:00:00,598.383
2023-12-10T00:00:00,697.594
2023-12-11T00:00:00,807.902
2023-12-12T00:00:00,820.188
2023-12-13T00:00:00,846.835
2023-12-14T00:00:00,885.772
2023-12-15T00:00:00,898.738
2023-12-16T00:00:00,908.041
2023-12-17T00:00:00,877.056
2023-12-18T00:00:00,830.674
2023-12-19T00:00:00,827.267
2023-12-20T00:00:00,819.422
2023-12-21T00:00:00,819.284
2023-12-22T00:00:00,828.24
2023-12-23T00:00:00,828.423
2023-12-24T00:00:00,804.937
2023-12-25T00:00:00,780.349
2023-12-26T00:00:00,747.158
2023-12-27T00:00:00,724.706
2023-12-28T00:00:00,696.958
2023-12-29T00:00:00,676.714
2023-12-30T00:00:00,653.518
2023-12-31T00:00:00,644.372
2024-01-01T00:00:00,635.776
2024-01-02T00:00:00,649.43
2024-01-03T00:00:00,736.745
2024-01-04T00:00:00,815.904
2024-01-05T00:00:00,810.598
2024-01-06T00:00:00,751.815
2024-01-07T00:00:00,694.469
2024-01-08T00:00:00,678.317
2024-01-09T00:00:00,692.299
2024-01-10T00:00:00,697.135
2024-01-11T00:00:00,690.562
2024-01-12T00:00:00,670.579
2024-01-13T00:00:00,643.713
2024-01-14T00:00:00,607.252
2024-01-15T00:00:00,560.686
2024-01-16T00:00:00,500.053
2024-01-17T00:00:00,517.999
2024-01-18T00:00:00,597.567
2024-01-19T00:00:00,674.635
2024-01-20T00:00:00,629.229
2024-01-21T00:00:00,608.019
2024-01-22T00:00:00,594.59
2024-01-23T00:00:00,590.595
2024-01-24T00:00:00,589.493
2024-01-25T00:00:00,588.833
2024-01-26T00:00:00,588.384
2024-01-27T00:00:00,581.299
2024-01-28T00:00:00,568.191
2024-01-29T00:00:00,556.915
2024-01-30T00:00:00,546.765
2024-01-31T00:00:00,531.557
2024-02-01T00:00:00,521.973
2024-02-02T00:00:00,515.322
2024-02-03T00:00:00,484.231
2024-02-04T00:00:00,473.426
2024-02-05T00:00:00,466.034
2024-02-06T00:00:00,432.76
2024-02-07T00:00:00,429.521
2024-02-08T00:00:00,459.342
2024-02-09T00:00:00,548.879
2024-02-10T00:00:00,598.728
2024-02-11T00:00:00,615.965
2024-02-12T00:00:00,698.625
2024-02-13T00:00:00,694.655
2024-02-14T00:00:00,656.048
2024-02-15T00:00:00,648.972
2024-02-16T00:00:00,637.464
2024-02-17T00:00:00,626.24
2024-02-18T00:00:00,626.814
2024-02-19T00:00:00,620.863
2024-02-20T00:00:00,595.616
2024-02-21T00:00:00,578.204
2024-02-22T00:00:00,629.216
2024-02-23T00:00:00,849.467
2024-02-24T00:00:00,969.964
2024-02-25T00:00:00,948.013
2024-02-26T00:00:00,898.062
2024-02-27T00:00:00,946.477
2024-02-28T00:00:00,986.505
2024-02-29T00:00:00,1021.584
2024-03-01T00:00:00,1009.159
2024-03-02T00:00:00,1009.702
2024-03-03T00:00:00,1038.444
2024-03-04T00:00:00,1065.402
2024-03-05T00:00:00,1127.981
2024-03-06T00:00:00,1117.551
2024-03-07T00:00:00,1040.218
2024-03-08T00:00:00,937.952
2024-03-09T00:00:00,867.515
2024-03-10T00:00:00,809.2
2024-03-11T00:00:00,836.07
2024-03-12T00:00:00,891.203
2024-03-13T00:00:00,916.971
2024-03-14T00:00:00,928.082
2024-03-15T00:00:00,805.526
2024-03-16T00:00:00,739.67
2024-03-17T00:00:00,723.251
2024-03-18T00:00:00,682.248
2024-03-19T00:00:00,663.005
2024-03-20T00:00:00,683.155
2024-03-21T00:00:00,689.64
2024-03-22T00:00:00,639.523
2024-03-23T00:00:00,628.955
2024-03-24T00:00:00,601.09
2024-03-25T00:00:00,577.05
2024-03-26T00:00:00,569.449
2024-03-27T00:00:00,566.103
2024-03-28T00:00:00,556.441
2024-03-29T00:00:00,556.171
2024-03-30T00:00:00,649.265
2024-03-31T00:00:00,770.12
2024-04-01T00:00:00,795.818
2024-04-02T00:00:00,836.933
2024-04-03T00:00:00,891.891
2024-04-04T00:00:00,997.457
2024-04-05T00:00:00,1154.917
2024-04-06T00:00:00,1191.992
2024-04-07T00:00:00,1035.668
2024-04-08T00:00:00,896.149
2024-04-09T00:00:00,875.593
2024-04-10T00:00:00,932.199
2024-04-11T00:00:00,928.12
2024-04-12T00:00:00,890.658
2024-04-13T00:00:00,829.42
2024-04-14T00:00:00,798.329
2024-04-15T00:00:00,734.528
2024-04-16T00:00:00,692.232
2024-04-17T00:00:00,635.623
2024-04-18T00:00:00,616.075
2024-04-19T00:00:00,582.9
2024-04-20T00:00:00,569.42
2024-04-21T00:00:00,546.917
2024-04-22T00:00:00,513.121
2024-04-23T00:00:00,500.735
2024-04-24T00:00:00,484.013
2024-04-25T00:00:00,456.574
2024-04-26T00:00:00,420.301
2024-04-27T00:00:00,416.848
2024-04-28T00:00:00,412.591
2024-04-29T00:00:00,397.162
2024-04-30T00:00:00,360.713
2024-05-01T00:00:00,360.162
2024-05-02T00:00:00,413.775
2024-05-03T00:00:00,422.338
2024-05-04T00:00:00,429.962
2024-05-05T00:00:00,434.956
2024-05-06T00:00:00,535.216
2024-05-07T00:00:00,571.287
2024-05-08T00:00:00,651.364
2024-05-09T00:00:00,682.454
2024-05-10T00:00:00,685.798
2024-05-11T00:00:00,630.852
2024-05-12T00:00:00,601.783
2024-05-13T00:00:00,606.033
2024-05-14T00:00:00,628.721
2024-05-15T00:00:00,617.193
2024-05-16T00:00:00,603.024
2024-05-17T00:00:00,600.663
2024-05-18T00:00:00,590.242
2024-05-19T00:00:00,575.627
2024-05-20T00:00:00,555.489
2024-05-21T00:00:00,549.241
2024-05-22T00:00:00,579.433
2024-05-23T00:00:00,562.317
2024-05-24T00:00:00,528.845
2024-05-25T00:00:00,527.639
2024-05-26T00:00:00,493.917
2024-05-27T00:00:00,460.445
2024-05-28T00:00:00,426.49
2024-05-29T00:00:00,437.677
2024-05-30T00:00:00,442.65
2024-05-31T00:00:00,458.87
2024-06-01T00:00:00,465.682
2024-06-02T00:00:00,452.62
2024-06-03T00:00:00,456.291
2024-06-04T00:00:00,441.699
2024-06-05T00:00:00,407.834
2024-06-06T00:00:00,386.419
2024-06-07T00:00:00,355.157
2024-06-08T00:00:00,337.137
2024-06-09T00:00:00,330.028
2024-06-10T00:00:00,304.141
2024-06-11T00:00:00,302.608
2024-06-12T00:00:00,287.541
2024-06-13T00:00:00,285.368
2024-06-14T00:00:00,266.489
2024-06-15T00:00:00,263.355
2024-06-16T00:00:00,277.071
2024-06-17T00:00:00,280.399
2024-06-18T00:00:00,304.192
2024-06-19T00:00:00,309.354
2024-06-20T00:00:00,343.807
2024-06-21T00:00:00,498.419
2024-06-22T00:00:00,599.263
2024-06-23T00:00:00,645.463
2024-06-24T00:00:00,620.158
2024-06-25T00:00:00,563.449
2024-06-26T00:00:00,489.81
2024-06-27T00:00:00,443.966
2024-06-28T00:00:00,418.354
2024-06-29T00:00:00,392.69
2024-06-30T00:00:00,402.024
2024-07-01T00:00:00,479.159
2024-07-02T00:00:00,537.952
2024-07-03T00:00:00,538.683
2024-07-04T00:00:00,513.932
2024-07-05T00:00:00,502.434
2024-07-06T00:00:00,496.69
2024-07-07T00:00:00,490.586
2024-07-08T00:00:00,480.171
2024-07-09T00:00:00,476.318
2024-07-10T00:00:00,468.546
2024-07-11T00:00:00,447.66
2024-07-12T00:00:00,511.455
2024-07-13T00:00:00,497.602
2024-07-14T00:00:00,497.811
2024-07-15T00:00:00,448.486
2024-07-16T00:00:00,404.947
2024-07-17T00:00:00,394.585
2024-07-18T00:00:00,369.252
2024-07-19T00:00:00,336.488
2024-07-20T00:00:00,333.004
2024-07-21T00:00:00,366.878
2024-07-22T00:00:00,378.571
2024-07-23T00:00:00,379.66
2024-07-24T00:00:00,340.532
2024-07-25T00:00:00,351.472
2024-07-26T00:00:00,346.217
2024-07-27T00:00:00,362.677
2024-07-28T00:00:00,407.821
2024-07-29T00:00:00,403.58
2024-07-30T00:00:00,329.014
2024-07-31T00:00:00,310.077
2024-08-01T00:00:00,341.823
2024-08-02T00:00:00,411.276
2024-08-03T00:00:00,452.521
2024-08-04T00:00:00,421.508
2024-08-05T00:00:00,357.634
2024-08-06T00:00:00,327.32
2024-08-07T00:00:00,323.289
2024-08-08T00:00:00,303.503
2024-08-09T00:00:00,301.487
2024-08-10T00:00:00,301.358
2024-08-11T00:00:00,300.12
2024-08-12T00:00:00,301.379
2024-08-13T00:00:00,293.243
2024-08-14T00:00:00,303.95
2024-08-15T00:00:00,300.792
2024-08-16T00:00:00,292.079
2024-08-17T00:00:00,338.166
2024-08-18T00:00:00,359.411
2024-08-19T00:00:00,346.284
2024-08-20T00:00:00,336.724
2024-08-21T00:00:00,323.409
2024-08-22T00:00:00,288.391
2024-08-23T00:00:00,270.66
2024-08-24T00:00:00,258.699
2024-08-25T00:00:00,249.513
2024-08-26T00:00:00,229.04
2024-08-27T00:00:00,213.471
2024-08-28T00:00:00,233.231
2024-08-29T00:00:00,217.997
2024-08-30T00:00:00,230.52
2024-08-31T00:00:00,204.196
2024-09-01T00:00:00,222.03
2024-09-02T00:00:00,216.595
2024-09-03T00:00:00,199.085
2024-09-04T00:00:00,201.349
2024-09-05T00:00:00,341.067
2024-09-06T00:00:00,394.676
2024-09-07T00:00:00,351.268
2024-09-08T00:00:00,331.566
2024-09-09T00:00:00,330.594
2024-09-10T00:00:00,319.696
2024-09-11T00:00:00,317.923
2024-09-12T00:00:00,312.594
2024-09-13T00:00:00,316.222
2024-09-14T00:00:00,310.328
2024-09-15T00:00:00,312.407
2024-09-16T00:00:00,304.152
2024-09-17T00:00:00,290.803
2024-09-18T00:00:00,295.032
2024-09-19T00:00:00,289.34
2024-09-20T00:00:00,278.151
2024-09-21T00:00:00,277.578
2024-09-22T00:00:00,279.32
2024-09-23T00:00:00,288.327
2024-09-24T00:00:00,288.945
2024-09-25T00:00:00,307.611
2024-09-26T00:00:00,468.524
2024-09-27T00:00:00,576.488
2024-09-28T00:00:00,588.863
2024-09-29T00:00:00,493.735
2024-09-30T00:00:00,437.614
2024-10-01T00:00:00,410.929
2024-10-02T00:00:00,381.108
2024-10-03T00:00:00,388.184
2024-10-04T00:00:00,400.819
2024-10-05T00:00:00,384.642
2024-10-06T00:00:00,375.826
2024-10-07T00:00:00,375.03
2024-10-08T00:00:00,396.627
2024-10-09T00:00:00,568.982
2024-10-10T00:00:00,818.865
2024-10-11T00:00:00,928.334
2024-10-12T00:00:00,956.395
2024-10-13T00:00:00,816.232
2024-10-14T00:00:00,684.9
2024-10-15T00:00:00,618.767
2024-10-16T00:00:00,595.918
2024-10-17T00:00:00,587.42
2024-10-18T00:00:00,599.096
2024-10-19T00:00:00,635.616
2024-10-20T00:00:00,620.323
2024-10-21T00:00:00,582.101
2024-10-22T00:00:00,512.888
2024-10-23T00:00:00,494.462
2024-10-24T00:00:00,468.605
2024-10-25T00:00:00,430.506
2024-10-26T00:00:00,453.321
2024-10-27T00:00:00,450.095
2024-10-28T00:00:00,426.608
2024-10-29T00:00:00,420.043
2024-10-30T00:00:00,410.25
2024-10-31T00:00:00,395.23
2024-11-01T00:00:00,383.866
2024-11-02T00:00:00,376.479
2024-11-03T00:00:00,355.473
2024-11-04T00:00:00,334.69
2024-11-05T00:00:00,334.707
2024-11-06T00:00:00,323.121
2024-11-07T00:00:00,320.065
2024-11-08T00:00:00,309.697
2024-11-09T00:00:00,301.744
2024-11-10T00:00:00,303.572
2024-11-11T00:00:00,301.884
2024-11-12T00:00:00,275.541
2024-11-13T00:00:00,259.76
2024-11-14T00:00:00,258.994
2024-11-15T00:00:00,258.624
2024-11-16T00:00:00,227.51
2024-11-17T00:00:00,240.067
2024-11-18T00:00:00,239.2
2024-11-19T00:00:00,264.958
2024-11-20T00:00:00,345.492
2024-11-21T00:00:00,473.251
2024-11-22T00:00:00,487.682
2024-11-23T00:00:00,537.007
2024-11-24T00:00:00,554.383
2024-11-25T00:00:00,547.558
2024-11-26T00:00:00,528.261
2024-11-27T00:00:00,540.718
2024-11-28T00:00:00,568.269
2024-11-29T00:00:00,570.627
2024-11-30T00:00:00,531.914
2024-12-01T00:00:00,510.83
2024-12-02T00:00:00,506.118
2024-12-03T00:00:00,494.028
2024-12-04T00:00:00,476.689
2024-12-05T00:00:00,463.465
2024-12-06T00:00:00,467.82
2024-12-07T00:00:00,532.547
2024-12-08T00:00:00,615.06
2024-12-09T00:00:00,727.534
2024-12-10T00:00:00,782.368
2024-12-11T00:00:00,754.146
2024-12-12T00:00:00,721.565
2024-12-13T00:00:00,681.009
2024-12-14T00:00:00,648.294
2024-12-15T00:00:00,633.823
2024-12-16T00:00:00,614.688
2024-12-17T00:00:00,599.853
2024-12-18T00:00:00,584.119
2024-12-19T00:00:00,558.368
2024-12-20T00:00:00,545.127
2024-12-21T00:00:00,558.898
2024-12-22T00:00:00,631.72
2024-12-23T00:00:00,754.22
2024-12-24T00:00:00,799.723
2024-12-25T00:00:00,772.085
2024-12-26T00:00:00,746.291
2024-12-27T00:00:00,700.949
2024-12-28T00:00:00,685.324
2024-12-29T00:00:00,682.441
2024-12-30T00:00:00,679.088
2024-12-31T00:00:00,672.998
2025-01-01T00:00:00,665.224
2025-01-02T00:00:00,706.518
2025-01-03T00:00:00,798.385
2025-01-04T00:00:00,829.911
2025-01-05T00:00:00,822.094
2025-01-06T00:00:00,918.522
2025-01-07T00:00:00,955.762
2025-01-08T00:00:00,911.187
2025-01-09T00:00:00,950.165
2025-01-10T00:00:00,1052.478
2025-01-11T00:00:00,1075.34
2025-01-12T00:00:00,1031.984
2025-01-13T00:00:00,952.893
2025-01-14T00:00:00,899.544
2025-01-15T00:00:00,888.247
2025-01-16T00:00:00,814.908
2025-01-17T00:00:00,840.848
2025-01-18T00:00:00,835.536
2025-01-19T00:00:00,803.833
2025-01-20T00:00:00,744.43
2025-01-21T00:00:00,692.923
2025-01-22T00:00:00,646.072
2025-01-23T00:00:00,686.029
2025-01-24T00:00:00,711.088
2025-01-25T00:00:00,685.266
2025-01-26T00:00:00,714.711
2025-01-27T00:00:00,788.251
2025-01-28T00:00:00,809.333
2025-01-29T00:00:00,816.917
2025-01-30T00:00:00,832.782
2025-01-31T00:00:00,808.814
2025-02-01T00:00:00,729.067
2025-02-02T00:00:00,658.775
2025-02-03T00:00:00,623.812
2025-02-04T00:00:00,565.503
2025-02-05T00:00:00,536.321
2025-02-06T00:00:00,495.63
2025-02-07T00:00:00,467.721
2025-02-08T00:00:00,454.014
2025-02-09T00:00:00,455.776
2025-02-10T00:00:00,439.697
2025-02-11T00:00:00,439.371
2025-02-12T00:00:00,460.083
2025-02-13T00:00:00,479.158
2025-02-14T00:00:00,474.75
2025-02-15T00:00:00,466.378
2025-02-16T00:00:00,461.518
2025-02-17T00:00:00,447.769
2025-02-18T00:00:00,416.362
2025-02-19T00:00:00,420.29
2025-02-20T00:00:00,401.407
2025-02-21T00:00:00,398.761
2025-02-22T00:00:00,397.463
2025-02-23T00:00:00,394.101
2025-02-24T00:00:00,370.735
2025-02-25T00:00:00,435.398
2025-02-26T00:00:00,587.12
2025-02-27T00:00:00,713.096
2025-02-28T00:00:00,702.349
2025-03-01T00:00:00,643.303
2025-03-02T00:00:00,595.175
2025-03-03T00:00:00,545.674
2025-03-04T00:00:00,526.801
2025-03-05T00:00:00,509.308
2025-03-06T00:00:00,477.999
2025-03-07T00:00:00,471.604
2025-03-08T00:00:00,451.409
2025-03-09T00:00:00,445.115
2025-03-10T00:00:00,442.975
2025-03-11T00:00:00,428.52
2025-03-12T00:00:00,409.288
2025-03-13T00:00:00,406.77
2025-03-14T00:00:00,397.7
2025-03-15T00:00:00,415.637
2025-03-16T00:00:00,419.161
2025-03-17T00:00:00,437.924
2025-03-18T00:00:00,478.213
2025-03-19T00:00:00,472.948
2025-03-20T00:00:00,441.273
2025-03-21T00:00:00,412.942
2025-03-22T00:00:00,419.57
2025-03-23T00:00:00,414.066
2025-03-24T00:00:00,406.575
2025-03-25T00:00:00,379.222
2025-03-26T00:00:00,371.743
2025-03-27T00:00:00,360.394
2025-03-28T00:00:00,349.28
2025-03-29T00:00:00,344.949
2025-03-30T00:00:00,337.022
2025-03-31T00:00:00,323.012
2025-04-01T00:00:00,310.992
2025-04-02T00:00:00,298.691
2025-04-03T00:00:00,293.138
2025-04-04T00:00:00,272.736
2025-04-05T00:00:00,273.599
2025-04-06T00:00:00,245.656
2025-04-07T00:00:00,255.46
2025-04-08T00:00:00,250.325
2025-04-09T00:00:00,236.563
2025-04-10T00:00:00,237.015
2025-04-11T00:00:00,234.015
2025-04-12T00:00:00,233.285
2025-04-13T00:00:00,246.817
2025-04-14T00:00:00,240.223
2025-04-15T00:00:00,233.447
2025-04-16T00:00:00,230.57
2025-04-17T00:00:00,231.027
2025-04-18T00:00:00,222.577
2025-04-19T00:00:00,217.85
2025-04-20T00:00:00,230.235
2025-04-21T00:00:00,234.142
2025-04-22T00:00:00,225.842
2025-04-23T00:00:00,243.571
2025-04-24T00:00:00,245.637
2025-04-25T00:00:00,240.319
2025-04-26T00:00:00,232.425
2025-04-27T00:00:00,219.428
2025-04-28T00:00:00,216.659
2025-04-29T00:00:00,206.239
2025-04-30T00:00:00,200.914
2025-05-01T00:00:00,196.232
2025-05-02T00:00:00,189.924
2025-05-03T00:00:00,192.209
2025-05-04T00:00:00,201.748
2025-05-05T00:00:00,195.283
2025-05-06T00:00:00,182.931
2025-05-07T00:00:00,176.675
2025-05-08T00:00:00,174.002
2025-05-09T00:00:00,169.515
2025-05-10T00:00:00,166.349
2025-05-11T00:00:00,170.909
2025-05-12T00:00:00,185.223
2025-05-13T00:00:00,182.845
2025-05-14T00:00:00,174.968
2025-05-15T00:00:00,163.202
2025-05-16T00:00:00,158.742
2025-05-17T00:00:00,152.763
2025-05-18T00:00:00,147.91
2025-05-19T00:00:00,149.703
2025-05-20T00:00:00,144.522
2025-05-21T00:00:00,144.956
2025-05-22T00:00:00,161.804
2025-05-23T00:00:00,152.038
2025-05-24T00:00:00,148.019
2025-05-25T00:00:00,150.357
2025-05-26T00:00:00,153.759
2025-05-27T00:00:00,144.709
2025-05-28T00:00:00,146.379
2025-05-29T00:00:00,138.072
2025-05-30T00:00:00,138.957
2025-05-31T00:00:00,135.884
2025-06-01T00:00:00,140.676
2025-06-02T00:00:00,130.31
2025-06-03T00:00:00,127.906
2025-06-04T00:00:00,122.722
2025-06-05T00:00:00,127.976
2025-06-06T00:00:00,146.404
2025-06-07T00:00:00,137.211
2025-06-08T00:00:00,135.6
2025-06-09T00:00:00,128.915
2025-06-10T00:00:00,126.986
2025-06-11T00:00:00,119.674
2025-06-12T00:00:00,120.622
2025-06-13T00:00:00,113.024
2025-06-14T00:00:00,114.971
2025-06-15T00:00:00,111.317
2025-06-16T00:00:00,107.441
2025-06-17T00:00:00,109.368
2025-06-18T00:00:00,106.475
2025-06-19T00:00:00,104.349
2025-06-20T00:00:00,110.873
2025-06-21T00:00:00,96.879
2025-06-22T00:00:00,92.692
2025-06-23T00:00:00,94.432
2025-06-24T00:00:00,84.895
2025-06-25T00:00:00,84.471
2025-06-26T00:00:00,126.445
2025-06-27T00:00:00,105.072
2025-06-28T00:00:00,92.079
2025-06-29T00:00:00,92.72
2025-06-30T00:00:00,75.82
2025-07-01T00:00:00,73.353
2025-07-02T00:00:00,76.662
2025-07-03T00:00:00,77.779
2025-07-04T00:00:00,77.262
2025-07-05T00:00:00,83.017
2025-07-06T00:00:00,107.318
2025-07-07T00:00:00,117.116
2025-07-08T00:00:00,126.064
2025-07-09T00:00:00,128.819
2025-07-10T00:00:00,103.48
2025-07-11T00:00:00,103.158
2025-07-12T00:00:00,103.285
2025-07-13T00:00:00,98.028
2025-07-14T00:00:00,96.759
2025-07-15T00:00:00,101.998
2025-07-16T00:00:00,98.797
2025-07-17T00:00:00,100.275
2025-07-18T00:00:00,99.691
2025-07-19T00:00:00,101.51
2025-07-20T00:00:00,118.192
2025-07-21T00:00:00,133.939
2025-07-22T00:00:00,144.602
2025-07-23T00:00:00,115.734
2025-07-24T00:00:00,202.393
2025-07-25T00:00:00,170.815
2025-07-26T00:00:00,140.316
2025-07-27T00:00:00,139.838
2025-07-28T00:00:00,138.932
2025-07-29T00:00:00,127.886
2025-07-30T00:00:00,128.883
2025-07-31T00:00:00,129.567
2025-08-01T00:00:00,129.108
2025-08-02T00:00:00,124.542
2025-08-03T00:00:00,123.704
2025-08-04T00:00:00,129.762
2025-08-05T00:00:00,127.456
2025-08-06T00:00:00,117.352
2025-08-07T00:00:00,118.033
2025-08-08T00:00:00,116.709
2025-08-09T00:00:00,116.691
2025-08-10T00:00:00,112.066
2025-08-11T00:00:00,104.748
2025-08-12T00:00:00,105.146
2025-08-13T00:00:00,102.012
2025-08-14T00:00:00,108.538
2025-08-15T00:00:00,98.405
2025-08-16T00:00:00,101.127
2025-08-17T00:00:00,99.443
2025-08-18T00:00:00,98.077
2025-08-19T00:00:00,97.886
2025-08-20T00:00:00,113.713
2025-08-21T00:00:00,139.219
2025-08-22T00:00:00,123.758
2025-08-23T00:00:00,123.308
2025-08-24T00:00:00,121.403
2025-08-25T00:00:00,116.613
2025-08-26T00:00:00,117.151
2025-08-27T00:00:00,106.77
2025-08-28T00:00:00,115.582
2025-08-29T00:00:00,131.789
2025-08-30T00:00:00,133.462
2025-08-31T00:00:00,123.039
2025-09-01T00:00:00,135.523
2025-09-02T00:00:00,139.69
2025-09-03T00:00:00,148.645
2025-09-04T00:00:00,140.258
2025-09-05T00:00:00,144.933
2025-09-06T00:00:00,141.802
2025-09-07T00:00:00,142.317
2025-09-08T00:00:00,146.747
2025-09-09T00:00:00,131.079
2025-09-10T00:00:00,134.93
2025-09-11T00:00:00,142.119
2025-09-12T00:00:00,144.711
2025-09-13T00:00:00,142.063
2025-09-14T00:00:00,155.87
2025-09-15T00:00:00,153.262
2025-09-16T00:00:00,149.098
2025-09-17T00:00:00,143.43
2025-09-18T00:00:00,144.236
2025-09-19T00:00:00,140.258
2025-09-20T00:00:00,146.223
2025-09-21T00:00:00,158.342
2025-09-22T00:00:00,155.2
2025-09-23T00:00:00,209.599
2025-09-24T00:00:00,248.828
2025-09-25T00:00:00,267.922
2025-09-26T00:00:00,285.407
2025-09-27T00:00:00,311.675
2025-09-28T00:00:00,312.982
2025-09-29T00:00:00,339.646
2025-09-30T00:00:00,328.243
2025-10-01T00:00:00,329.999
2025-10-02T00:00:00,319.182
2025-10-03T00:00:00,313.898
2025-10-04T00:00:00,333.947
2025-10-05T00:00:00,327.9
2025-10-06T00:00:00,327.394
2025-10-07T00:00:00,319.368
2025-10-08T00:00:00,303.331
2025-10-09T00:00:00,281.931
2025-10-10T00:00:00,277.797
2025-10-11T00:00:00,270.61
2025-10-12T00:00:00,252.464
2025-10-13T00:00:00,256.499
2025-10-14T00:00:00,249.63
2025-10-15T00:00:00,249.358
2025-10-16T00:00:00,238.742
2025-10-17T00:00:00,242.433
2025-10-18T00:00:00,233.799
2025-10-19T00:00:00,232.266
2025-10-20T00:00:00,238.502
2025-10-21T00:00:00,236.015
2025-10-22T00:00:00,229.956
2025-10-23T00:00:00,229.998
2025-10-24T00:00:00,235.383
2025-10-25T00:00:00,276.789
2025-10-26T00:00:00,292.071
2025-10-27T00:00:00,285.886
2025-10-28T00:00:00,318.852
2025-10-29T00:00:00,376.305
2025-10-30T00:00:00,402.758
2025-10-31T00:00:00,415.143
2025-11-01T00:00:00,407.139
2025-11-02T00:00:00,411.277
2025-11-03T00:00:00,408.04
2025-11-04T00:00:00,410.085
2025-11-05T00:00:00,396.81
2025-11-06T00:00:00,383.727
2025-11-07T00:00:00,378.247
2025-11-08T00:00:00,360.366
2025-11-09T00:00:00,356.622
2025-11-10T00:00:00,338.271
2025-11-11T00:00:00,326.296
2025-11-12T00:00:00,309.768
2025-11-13T00:00:00,284.466
2025-11-14T00:00:00,266.273
2025-11-15T00:00:00,248.566
2025-11-16T00:00:00,259.552
2025-11-17T00:00:00,259.901
2025-11-18T00:00:00,239.054
2025-11-19T00:00:00,270.584
2025-11-20T00:00:00,273.858
2025-11-21T00:00:00,264.908
2025-11-22T00:00:00,247.448
2025-11-23T00:00:00,263.512
2025-11-24T00:00:00,271.571
2025-11-25T00:00:00,310.134
2025-11-26T00:00:00,367.304
2025-11-27T00:00:00,396.28
2025-11-28T00:00:00,451.967
2025-11-29T00:00:00,441.027
2025-11-30T00:00:00,436.748
2025-12-01T00:00:00,442.739
2025-12-02T00:00:00,451.086
2025-12-03T00:00:00,452.272
2025-12-04T00:00:00,431.849
2025-12-05T00:00:00,419.708
2025-12-06T00:00:00,415.029
2025-12-07T00:00:00,429.213
2025-12-08T00:00:00,465.515
2025-12-09T00:00:00,541.843
2025-12-10T00:00:00,573.719
2025-12-11T00:00:00,573.632
2025-12-12T00:00:00,563.868
2025-12-13T00:00:00,570.759
2025-12-14T00:00:00,545.99
2025-12-15T00:00:00,529.777
2025-12-16T00:00:00,504.79
2025-12-17T00:00:00,476.646
2025-12-18T00:00:00,449.955
2025-12-19T00:00:00,430.914
2025-12-20T00:00:00,397.439
2025-12-21T00:00:00,407.545
2025-12-22T00:00:00,410.646
2025-12-23T00:00:00,385.523
2025-12-24T00:00:00,371.404
2025-12-25T00:00:00,337.3
2025-12-26T00:00:00,305.158
2025-12-27T00:00:00,295.928
2025-12-28T00:00:00,278.096
2025-12-29T00:00:00,258.498
2025-12-30T00:00:00,238.715
2025-12-31T00:00:00,234.217
2026-01-01T00:00:00,228.604
2026-01-02T00:00:00,225.207
2026-01-03T00:00:00,207.487
2026-01-04T00:00:00,198.143
2026-01-05T00:00:00,203.949
2026-01-06T00:00:00,198.88
2026-01-07T00:00:00,194.655
2026-01-08T00:00:00,201.872
2026-01-09T00:00:00,228.894
2026-01-10T00:00:00,247.525
2026-01-11T00:00:00,256.028
2026-01-12T00:00:00,294.786
2026-01-13T00:00:00,297.078
2026-01-14T00:00:00,302.115
2026-01-15T00:00:00,304.588
2026-01-16T00:00:00,304.74
2026-01-17T00:00:00,307.353
2026-01-18T00:00:00,305.362
2026-01-19T00:00:00,304.599
2026-01-20T00:00:00,298.763
2026-01-21T00:00:00,287.307
2026-01-22T00:00:00,272.584
2026-01-23T00:00:00,244.316
2026-01-24T00:00:00,248.708
2026-01-25T00:00:00,249.1
2026-01-26T00:00:00,231.487
2026-01-27T00:00:00,245.863
2026-01-28T00:00:00,254.622
2026-01-29T00:00:00,267.534
2026-01-30T00:00:00,269.731
2026-01-31T00:00:00,274.822
2026-02-01T00:00:00,274.114
2026-02-02T00:00:00,276.545
2026-02-03T00:00:00,314.577
2026-02-04T00:00:00,343.539
2026-02-05T00:00:00,364.543
2026-02-06T00:00:00,368.007
2026-02-07T00:00:00,355.605
2026-02-08T00:00:00,334.864
2026-02-09T00:00:00,313.934
2026-02-10T00:00:00,327.883
2026-02-11T00:00:00,394.797
2026-02-12T00:00:00,631.697
2026-02-13T00:00:00,793.212
2026-02-14T00:00:00,865.776
2026-02-15T00:00:00,929.288
2026-02-16T00:00:00,988.689
2026-02-17T00:00:00,1027.726
2026-02-18T00:00:00,1002.36
2026-02-19T00:00:00,1043.717
2026-02-20T00:00:00,1117.142
2026-02-21T00:00:00,1176.515
2026-02-22T00:00:00,1222.178
2026-02-23T00:00:00,1245.458
2026-02-24T00:00:00,1246.554
2026-02-25T00:00:00,1174.947
2026-02-26T00:00:00,1074.816
2026-02-27T00:00:00,1000.981
2026-02-28T00:00:00,953.707
2026-03-01T00:00:00,904.363
2026-03-02T00:00:00,863.872
2026-03-03T00:00:00,824.033
2026-03-04T00:00:00,764.95
2026-03-05T00:00:00,724.563
2026-03-06T00:00:00,657.373
2026-03-07T00:00:00,605.306
2026-03-08T00:00:00,580.036
2026-03-09T00:00:00,533.094
2026-03-10T00:00:00,485.68
2026-03-11T00:00:00,474.385
2026-03-12T00:00:00,440.899
2026-03-13T00:00:00,441.556
2026-03-14T00:00:00,481.367
2026-03-15T00:00:00,537.757
2026-03-16T00:00:00,518.294
2026-03-17T00:00:00,497.042
2026-03-18T00:00:00,477.707
2026-03-19T00:00:00,434.193
2026-03-20T00:00:00,419.901
2026-03-21T00:00:00,390.935
2026-03-22T00:00:00,379.604
2026-03-23T00:00:00,357.5
2026-03-24T00:00:00,330.583
2026-03-25T00:00:00,337.542
2026-03-26T00:00:00,323.875
2026-03-27T00:00:00,307.181
2026-03-28T00:00:00,305.988
2026-03-29T00:00:00,302.947
2026-03-30T00:00:00,294.996
2026-03-31T00:00:00,291.225
2026-04-01T00:00:00,279.318
2026-04-02T00:00:00,268.339
2026-04-03T00:00:00,256.462
2026-04-04T00:00:00,256.414
2026-04-05T00:00:00,251.257
2026-04-06T00:00:00,249.864
2026-04-07T00:00:00,245.827
2026-04-08T00:00:00,233.199
2026-04-09T00:00:00,230.073
2026-04-10T00:00:00,225.384
2026-04-11T00:00:00,219.561
2026-04-12T00:00:00,212.217
2026-04-13T00:00:00,214.308
2026-04-14T00:00:00,213.897
2026-04-15T00:00:00,203.862
2026-04-16T00:00:00,201.519
2026-04-17T00:00:00,179.179
2026-04-18T00:00:00,187.202
2026-04-19T00:00:00,185.014
2026-04-20T00:00:00,187.531
2026-04-21T00:00:00,177.728
2026-04-22T00:00:00,174.527
2026-04-23T00:00:00,170.172
2026-04-24T00:00:00,161.558
2026-04-25T00:00:00,160.635
2026-04-26T00:00:00,166.643
2026-04-27T00:00:00,156.481
2026-04-28T00:00:00,153.854
2026-04-29T00:00:00,148.612
2026-04-30T00:00:00,148.807
2026-05-01T00:00:00,144.024
2026-05-02T00:00:00,152.213
2026-05-03T00:00:00,162.214
2026-05-04T00:00:00,166.859
2026-05-05T00:00:00,185.82
2026-05-06T00:00:00,223.869
2026-05-07T00:00:00,206.918
2026-05-08T00:00:00,178.28
2026-05-09T00:00:00,172.653
2026-05-10T00:00:00,185.254
2026-05-11T00:00:00,208.571
2026-05-12T00:00:00,182.369
2026-05-13T00:00:00,175.301
2026-05-14T00:00:00,173.175
2026-05-15T00:00:00,171.995
2026-05-16T00:00:00,164.715
2026-05-17T00:00:00,176.691
2026-05-18T00:00:00,193.405
2026-05-19T00:00:00,180.101
2026-05-20T00:00:00,170.25
2026-05-21T00:00:00,155.645
2026-05-22T00:00:00,154.874
2026-05-23T00:00:00,141.886
2026-05-24T00:00:00,134.984
2026-05-25T00:00:00,131.952
2026-05-26T00:00:00,122.748
2026-05-27T00:00:00,118.345
2026-05-28T00:00:00,114.509
2026-05-29T00:00:00,107.31
2026-05-30T00:00:00,108.591
2026-05-31T00:00:00,104.896
2026-06-01T00:00:00,106.567
2026-06-02T00:00:00,112.506
2026-06-03T00:00:00,114.827
2026-06-04T00:00:00,108.646
2026-06-05T00:00:00,108.409
2026-06-06T00:00:00,104.249
2026-06-07T00:00:00,107.423
2026-06-08T00:00:00,109.687
2026-06-09T00:00:00,105.53
2026-06-10T00:00:00,104.642
2026-06-11T00:00:00,101.901
2026-06-12T00:00:00,96.143
2026-06-13T00:00:00,89.783
2026-06-14T00:00:00,91.739
2026-06-15T00:00:00,92.252
2026-06-16T00:00:00,84.689
2026-06-17T00:00:00,81.702
2026-06-18T00:00:00,83.6
2026-06-19T00:00:00,90.966
2026-06-20T00:00:00,83.966
2026-06-21T00:00:00,82.571
2026-06-22T00:00:00,81.469
2026-06-23T00:00:00,76.247
2026-06-24T00:00:00,76.705
2026-06-25T00:00:00,78.827
2026-06-26T00:00:00,80.497
2026-06-27T00:00:00,76.101
2026-06-28T00:00:00,73.059
2026-06-29T00:00:00,77.808
2026-06-30T00:00:00,76.78
2026-07-01T00:00:00,77.017
2026-07-02T00:00:00,79.869
2026-07-03T00:00:00,80.494
2026-07-04T00:00:00,79.107
2026-07-05T00:00:00,80.086
2026-07-06T00:00:00,77.985
2026-07-07T00:00:00,76.509
2026-07-08T00:00:00,72.46
2026-07-09T00:00:00,61.49
2026-07-10T00:00:00,70.061
2026-07-11T00:00:00,64.628
2026-07-12T00:00:00,64.898
2026-07-13T00:00:00,62.761
2026-07-14T00:00:00,57.827
2026-07-15T00:00:00,64.313
2026-07-16T00:00:00,63.366
2026-07-17T00:00:00,64.463
2026-07-18T00:00:00,63.134
2026-07-19T00:00:00,65.062
2026-07-20T00:00:00,66.241
2026-07-21T00:00:00,71.433
2026-07-22T00:00:00,67.479
2026-07-23T00:00:00,68.998
2026-07-24T00:00:00,68.685
2026-07-25T00:00:00,69.527
2026-07-26T00:00:00,66.302
2026-07-27T00:00:00,68.324
2026-07-28T00:00:00,67.129
2026-07-29T00:00:00,63.873
2026-07-30T00:00:00,67.033
2026-07-31T00:00:00,68.587
2026-08-01T00:00:00,66.63
2026-08-02T00:00:00,67.505
2026-08-03T00:00:00,66.524
2026-08-04T00:00:00,66.704
2026-08-05T00:00:00,73.76
2026-08-06T00:00:00,71.304
2026-08-07T00:00:00,69.853
2026-08-08T00:00:00,70.75
2026-08-09T00:00:00,72.12
2026-08-10T00:00:00,73.382
2026-08-11T00:00:00,72.225
2026-08-12T00:00:00,69.769
2026-08-13T00:00:00,69.67
2026-08-14T00:00:00,69.007
2026-08-15T00:00:00,63.177
2026-08-16T00:00:00,65.957
2026-08-17T00:00:00,67.007
2026-08-18T00:00:00,70.82
2026-08-19T00:00:00,65.626
2026-08-20T00:00:00,70.041
2026-08-21T00:00:00,71.608
2026-08-22T00:00:00,75.109
2026-08-23T00:00:00,72.29
2026-08-24T00:00:00,72.72
2026-08-25T00:00:00,70.661
2026-08-26T00:00:00,75.058
2026-08-27T00:00:00,101.403
2026-08-28T00:00:00,107.678
2026-08-29T00:00:00,105.757
2026-08-30T00:00:00,98.536
2026-08-31T00:00:00,91.041
2026-09-01T00:00:00,86.194
2026-09-02T00:00:00,89.365
2026-09-03T00:00:00,79.434
2026-09-04T00:00:00,76.846
2026-09-05T00:00:00,82.323
2026-09-06T00:00:00,80.717
2026-09-07T00:00:00,80.686
2026-09-08T00:00:00,91.171
2026-09-09T00:00:00,82.281
2026-09-10T00:00:00,82.805
2026-09-11T00:00:00,76.446
2026-09-12T00:00:00,81.042
2026-09-13T00:00:00,82.39
2026-09-14T00:00:00,80.294
2026-09-15T00:00:00,79.776
2026-09-16T00:00:00,80.481
2026-09-17T00:00:00,78.147
2026-09-18T00:00:00,81.174
2026-09-19T00:00:00,80.441
2026-09-20T00:00:00,81.037
2026-09-21T00:00:00,83.88
